ID,Country Name,Country Code,Year,GDP
AFG2015,Afghanistan,AFG,2015,19907111419
ALB2015,Albania,ALB,2015,11386846319
DZA2015,Algeria,DZA,2015,1.66E+11
ASM2015,American Samoa,ASM,2015,661000000
AND2015,Andorra,AND,2015,2789870188
AGO2015,Angola,AGO,2015,1.16E+11
ATG2015,Antigua and Barbuda,ATG,2015,1336692593
ARG2015,Argentina,ARG,2015,5.95E+11
ARM2015,Armenia,ARM,2015,10553337673
ABW2015,Aruba,ABW,2015,2919553073
AUS2015,Australia,AUS,2015,1.35E+12
AUT2015,Austria,AUT,2015,3.82E+11
AZE2015,Azerbaijan,AZE,2015,53074370486
BHS2015,"Bahamas, The",BHS,2015,11710800000
BHR2015,Bahrain,BHR,2015,31050638298
BGD2015,Bangladesh,BGD,2015,1.95E+11
BRB2015,Barbados,BRB,2015,4715000000
BLR2015,Belarus,BLR,2015,56454734397
BEL2015,Belgium,BEL,2015,4.62E+11
BLZ2015,Belize,BLZ,2015,1723800000
BEN2015,Benin,BEN,2015,11388160958
BMU2015,Bermuda,BMU,2015,6654541000
BTN2015,Bhutan,BTN,2015,2003598213
BOL2015,Bolivia,BOL,2015,33000198248
BIH2015,Bosnia and Herzegovina,BIH,2015,16211541820
BWA2015,Botswana,BWA,2015,14420593484
BRA2015,Brazil,BRA,2015,1.80E+12
VGB2015,British Virgin Islands,VGB,2015,0
BRN2015,Brunei Darussalam,BRN,2015,12930394938
BGR2015,Bulgaria,BGR,2015,50647442757
BFA2015,Burkina Faso,BFA,2015,11832159276
BDI2015,Burundi,BDI,2015,3104394858
CPV2015,Cabo Verde,CPV,2015,1596800287
KHM2015,Cambodia,KHM,2015,18049954289
CMR2015,Cameroon,CMR,2015,30928653814
CAN2015,Canada,CAN,2015,1.56E+12
CYM2015,Cayman Islands,CYM,2015,4708336756
CAF2015,Central African Republic,CAF,2015,1695825708
TCD2015,Chad,TCD,2015,10950392220
CHI2015,Channel Islands,CHI,2015,0
CHL2015,Chile,CHL,2015,2.44E+11
CHN2015,China,CHN,2015,1.11E+13
COL2015,Colombia,COL,2015,2.93E+11
COM2015,Comoros,COM,2015,966029542
COD2015,"Congo, Dem. Rep.",COD,2015,37917704900
COG2015,"Congo, Rep.",COG,2015,11953249530
CRI2015,Costa Rica,CRI,2015,54775994479
CIV2015,Cote d'Ivoire,CIV,2015,45814637971
HRV2015,Croatia,HRV,2015,49525747504
CUB2015,Cuba,CUB,2015,87133000000
CUW2015,Curacao,CUW,2015,3151910782
CYP2015,Cyprus,CYP,2015,19842404305
CZE2015,Czech Republic,CZE,2015,1.88E+11
DNK2015,Denmark,DNK,2015,3.03E+11
DJI2015,Djibouti,DJI,2015,2430287967
DMA2015,Dominica,DMA,2015,540737037
DOM2015,Dominican Republic,DOM,2015,71164825258
ECU2015,Ecuador,ECU,2015,99290381000
EGY2015,"Egypt, Arab Rep.",EGY,2015,3.29E+11
SLV2015,El Salvador,SLV,2015,23438240000
GNQ2015,Equatorial Guinea,GNQ,2015,13185496836
ERI2015,Eritrea,ERI,2015,0
EST2015,Estonia,EST,2015,23048864243
SWZ2015,Eswatini,SWZ,2015,4062660890
ETH2015,Ethiopia,ETH,2015,64589334979
FRO2015,Faroe Islands,FRO,2015,2518096286
FJI2015,Fiji,FJI,2015,4682546881
FIN2015,Finland,FIN,2015,2.34E+11
FRA2015,France,FRA,2015,2.44E+12
PYF2015,French Polynesia,PYF,2015,0
GAB2015,Gabon,GAB,2015,14383107714
GMB2015,"Gambia, The",GMB,2015,1378176868
GEO2015,Georgia,GEO,2015,14953950557
DEU2015,Germany,DEU,2015,3.36E+12
GHA2015,Ghana,GHA,2015,48564863888
GIB2015,Gibraltar,GIB,2015,0
GRC2015,Greece,GRC,2015,1.97E+11
GRL2015,Greenland,GRL,2015,2499115623
GRD2015,Grenada,GRD,2015,997007925.9
GUM2015,Guam,GUM,2015,5710000000
GTM2015,Guatemala,GTM,2015,62186186576
GIN2015,Guinea,GIN,2015,8794202444
GNB2015,Guinea-Bissau,GNB,2015,1048229629
GUY2015,Guyana,GUY,2015,4279840362
HTI2015,Haiti,HTI,2015,14857386164
HND2015,Honduras,HND,2015,20979767785
HKG2015,"Hong Kong SAR, China",HKG,2015,3.09E+11
HUN2015,Hungary,HUN,2015,1.25E+11
ISL2015,Iceland,ISL,2015,17389101639
IND2015,India,IND,2015,2.10E+12
IDN2015,Indonesia,IDN,2015,8.61E+11
IRN2015,"Iran, Islamic Rep.",IRN,2015,3.85E+11
IRQ2015,Iraq,IRQ,2015,1.77E+11
IRL2015,Ireland,IRL,2015,2.92E+11
IMN2015,Isle of Man,IMN,2015,7085288006
ISR2015,Israel,ISR,2015,3.00E+11
ITA2015,Italy,ITA,2015,1.84E+12
JAM2015,Jamaica,JAM,2015,14187696311
JPN2015,Japan,JPN,2015,4.39E+12
JOR2015,Jordan,JOR,2015,38587017944
KAZ2015,Kazakhstan,KAZ,2015,1.84E+11
KEN2015,Kenya,KEN,2015,64007750169
KIR2015,Kiribati,KIR,2015,171117872.4
PRK2015,"Korea, Dem. People’s Rep.",PRK,2015,0
KOR2015,"Korea, Rep.",KOR,2015,1.47E+12
XKX2015,Kosovo,XKX,2015,6442915788
KWT2015,Kuwait,KWT,2015,1.15E+11
KGZ2015,Kyrgyz Republic,KGZ,2015,6678178340
LAO2015,Lao PDR,LAO,2015,14390442307
LVA2015,Latvia,LVA,2015,27239653844
LBN2015,Lebanon,LBN,2015,49939374833
LSO2015,Lesotho,LSO,2015,2372280103
LBR2015,Liberia,LBR,2015,3177000000
LBY2015,Libya,LBY,2015,27842131480
LIE2015,Liechtenstein,LIE,2015,6268391521
LTU2015,Lithuania,LTU,2015,41418872976
LUX2015,Luxembourg,LUX,2015,57744457955
MAC2015,"Macao SAR, China",MAC,2015,45361678147
MDG2015,Madagascar,MDG,2015,11323023787
MWI2015,Malawi,MWI,2015,6373212641
MYS2015,Malaysia,MYS,2015,3.01E+11
MDV2015,Maldives,MDV,2015,4109447297
MLI2015,Mali,MLI,2015,13104802016
MLT2015,Malta,MLT,2015,11091434435
MHL2015,Marshall Islands,MHL,2015,184599600
MRT2015,Mauritania,MRT,2015,6166857629
MUS2015,Mauritius,MUS,2015,11692287066
MEX2015,Mexico,MEX,2015,1.17E+12
FSM2015,"Micronesia, Fed. Sts.",FSM,2015,316489900
MDA2015,Moldova,MDA,2015,7745231660
MCO2015,Monaco,MCO,2015,6261622101
MNG2015,Mongolia,MNG,2015,11749620620
MNE2015,Montenegro,MNE,2015,4053097851
Mar-15,Morocco,MAR,2015,1.01E+11
MOZ2015,Mozambique,MOZ,2015,15950969019
MMR2015,Myanmar,MMR,2015,67822772707
NAM2015,Namibia,NAM,2015,11272143473
NRU2015,Nauru,NRU,2015,86779266.16
NPL2015,Nepal,NPL,2015,21410840909
NLD2015,Netherlands,NLD,2015,7.65E+11
NCL2015,New Caledonia,NCL,2015,0
NZL2015,New Zealand,NZL,2015,1.77E+11
NIC2015,Nicaragua,NIC,2015,12756706583
NER2015,Niger,NER,2015,9685577941
NGA2015,Nigeria,NGA,2015,4.87E+11
MKD2015,North Macedonia,MKD,2015,10064515432
MNP2015,Northern Mariana Islands,MNP,2015,931000000
NOR2015,Norway,NOR,2015,3.86E+11
OMN2015,Oman,OMN,2015,68399663322
PAK2015,Pakistan,PAK,2015,2.71E+11
PLW2015,Palau,PLW,2015,280457700
PAN2015,Panama,PAN,2015,54091700000
PNG2015,Papua New Guinea,PNG,2015,21723531182
PRY2015,Paraguay,PRY,2015,36164068797
PER2015,Peru,PER,2015,1.90E+11
PHL2015,Philippines,PHL,2015,3.06E+11
POL2015,Poland,POL,2015,4.78E+11
PRT2015,Portugal,PRT,2015,1.99E+11
PRI2015,Puerto Rico,PRI,2015,1.03E+11
QAT2015,Qatar,QAT,2015,1.62E+11
ROU2015,Romania,ROU,2015,1.78E+11
RUS2015,Russian Federation,RUS,2015,1.36E+12
RWA2015,Rwanda,RWA,2015,8545441361
WSM2015,Samoa,WSM,2015,788307330.6
SMR2015,San Marino,SMR,2015,1419394771
STP2015,Sao Tome and Principe,STP,2015,316065369.9
SAU2015,Saudi Arabia,SAU,2015,6.54E+11
SEN2015,Senegal,SEN,2015,17774766636
SRB2015,Serbia,SRB,2015,39655958843
SYC2015,Seychelles,SYC,2015,1377495054
SLE2015,Sierra Leone,SLE,2015,4218723875
SGP2015,Singapore,SGP,2015,3.08E+11
SXM2015,Sint Maarten (Dutch part),SXM,2015,1253072626
SVK2015,Slovak Republic,SVK,2015,88467555244
SVN2015,Slovenia,SVN,2015,43090173395
SLB2015,Solomon Islands,SLB,2015,1307061544
SOM2015,Somalia,SOM,2015,0
ZAF2015,South Africa,ZAF,2015,3.18E+11
SSD2015,South Sudan,SSD,2015,11997800760
ESP2015,Spain,ESP,2015,1.20E+12
LKA2015,Sri Lanka,LKA,2015,80604080689
KNA2015,St. Kitts and Nevis,KNA,2015,923155555.6
LCA2015,St. Lucia,LCA,2015,1808079889
MAF2015,St. Martin (French part),MAF,2015,0
VCT2015,St. Vincent and the Grenadines,VCT,2015,755400000
SDN2015,Sudan,SDN,2015,74294508240
SUR2015,Suriname,SUR,2015,4787367928
SWE2015,Sweden,SWE,2015,5.05E+11
CHE2015,Switzerland,CHE,2015,6.80E+11
SYR2015,Syrian Arab Republic,SYR,2015,0
TJK2015,Tajikistan,TJK,2015,7854602392
TZA2015,Tanzania,TZA,2015,47378599025
THA2015,Thailand,THA,2015,4.01E+11
TLS2015,Timor-Leste,TLS,2015,1594410800
TGO2015,Togo,TGO,2015,4180866177
TON2015,Tonga,TON,2015,437006227.2
TTO2015,Trinidad and Tobago,TTO,2015,25062893969
TUN2015,Tunisia,TUN,2015,43173480832
TUR2015,Turkey,TUR,2015,8.64E+11
TKM2015,Turkmenistan,TKM,2015,35799714286
TCA2015,Turks and Caicos Islands,TCA,2015,942070000
TUV2015,Tuvalu,TUV,2015,35492074.22
UGA2015,Uganda,UGA,2015,32248116584
UKR2015,Ukraine,UKR,2015,91030959455
ARE2015,United Arab Emirates,ARE,2015,3.58E+11
GBR2015,United Kingdom,GBR,2015,2.93E+12
USA2015,United States,USA,2015,1.82E+13
URY2015,Uruguay,URY,2015,53274304222
UZB2015,Uzbekistan,UZB,2015,81847410182
VUT2015,Vanuatu,VUT,2015,759689950.9
VEN2015,"Venezuela, RB",VEN,2015,0
VNM2015,Vietnam,VNM,2015,1.93E+11
VIR2015,Virgin Islands (U.S.),VIR,2015,3748000000
PSE2015,West Bank and Gaza,PSE,2015,13972400000
YEM2015,"Yemen, Rep.",YEM,2015,42450620876
ZMB2015,Zambia,ZMB,2015,21243339048
ZWE2015,Zimbabwe,ZWE,2015,19963120600
ARB2015,Arab World,ARB,2015,2.53E+12
CSS2015,Caribbean small states,CSS,2015,72828471571
CEB2015,Central Europe and the Baltics,CEB,2015,1.29E+12
EAR2015,Early-demographic dividend,EAR,2015,1.03E+13
EAS2015,East Asia & Pacific,EAS,2015,2.19E+13
EAP2015,East Asia & Pacific (excluding high income),EAP,2015,1.33E+13
TEA2015,East Asia & Pacific (IDA & IBRD countries),TEA,2015,1.33E+13
EMU2015,Euro area,EMU,2015,1.17E+13
ECS2015,Europe & Central Asia,ECS,2015,2.05E+13
ECA2015,Europe & Central Asia (excluding high income),ECA,2015,2.92E+12
TEC2015,Europe & Central Asia (IDA & IBRD countries),TEC,2015,3.62E+12
EUU2015,European Union,EUU,2015,1.35E+13
FCS2015,Fragile and conflict affected situations,FCS,2015,1.73E+12
HPC2015,Heavily indebted poor countries (HIPC),HPC,2015,6.77E+11
HIC2015,High income,HIC,2015,4.82E+13
IBD2015,IBRD only,IBD,2015,2.60E+13
IBT2015,IDA & IBRD total,IBT,2015,2.80E+13
IDB2015,IDA blend,IDB,2015,1.00E+12
IDX2015,IDA only,IDX,2015,1.10E+12
IDA2015,IDA total,IDA,2015,2.10E+12
LTE2015,Late-demographic dividend,LTE,2015,1.85E+13
LCN2015,Latin America & Caribbean,LCN,2015,5.53E+12
LAC2015,Latin America & Caribbean (excluding high income),LAC,2015,5.01E+12
TLA2015,Latin America & the Caribbean (IDA & IBRD countries),TLA,2015,5.30E+12
LDC2015,Least developed countries: UN classification,LDC,2015,9.66E+11
LMY2015,Low & middle income,LMY,2015,2.71E+13
LIC2015,Low income,LIC,2015,5.34E+11
LMC2015,Lower middle income,LMC,2015,5.18E+12
MEA2015,Middle East & North Africa,MEA,2015,3.14E+12
MNA2015,Middle East & North Africa (excluding high income),MNA,2015,1.44E+12
TMN2015,Middle East & North Africa (IDA & IBRD countries),TMN,2015,1.43E+12
MIC2015,Middle income,MIC,2015,2.65E+13
NAC2015,North America,NAC,2015,1.98E+13
OED2015,OECD members,OED,2015,4.73E+13
OSS2015,Other small states,OSS,2015,3.71E+11
PSS2015,Pacific island small states,PSS,2015,9049548346
PST2015,Post-demographic dividend,PST,2015,4.45E+13
PRE2015,Pre-demographic dividend,PRE,2015,1.34E+12
SST2015,Small states,SST,2015,4.53E+11
SAS2015,South Asia,SAS,2015,2.70E+12
TSA2015,South Asia (IDA & IBRD),TSA,2015,2.70E+12
SSF2015,Sub-Saharan Africa,SSF,2015,1.66E+12
SSA2015,Sub-Saharan Africa (excluding high income),SSA,2015,1.65E+12
TSS2015,Sub-Saharan Africa (IDA & IBRD countries),TSS,2015,1.66E+12
UMC2015,Upper middle income,UMC,2015,2.14E+13
WLD2015,World,WLD,2015,7.52E+13
AFG2016,Afghanistan,AFG,2016,18017749074
ALB2016,Albania,ALB,2016,11861200797
DZA2016,Algeria,DZA,2016,1.60E+11
ASM2016,American Samoa,ASM,2016,652000000
AND2016,Andorra,AND,2016,2896679212
AGO2016,Angola,AGO,2016,1.01E+11
ATG2016,Antigua and Barbuda,ATG,2016,1436585185
ARG2016,Argentina,ARG,2016,5.58E+11
ARM2016,Armenia,ARM,2016,10546135160
ABW2016,Aruba,ABW,2016,2965921788
AUS2016,Australia,AUS,2016,1.21E+12
AUT2016,Austria,AUT,2016,3.96E+11
AZE2016,Azerbaijan,AZE,2016,37867518957
BHS2016,"Bahamas, The",BHS,2016,11928500000
BHR2016,Bahrain,BHR,2016,32234973404
BGD2016,Bangladesh,BGD,2016,2.21E+11
BRB2016,Barbados,BRB,2016,4830000000
BLR2016,Belarus,BLR,2016,47722657821
BEL2016,Belgium,BEL,2016,4.76E+11
BLZ2016,Belize,BLZ,2016,1775100000
BEN2016,Benin,BEN,2016,11821066153
BMU2016,Bermuda,BMU,2016,6899911000
BTN2016,Bhutan,BTN,2016,2158972129
BOL2016,Bolivia,BOL,2016,33941126200
BIH2016,Bosnia and Herzegovina,BIH,2016,16913330694
BWA2016,Botswana,BWA,2016,15646354089
BRA2016,Brazil,BRA,2016,1.80E+12
VGB2016,British Virgin Islands,VGB,2016,0
BRN2016,Brunei Darussalam,BRN,2016,11400854268
BGR2016,Bulgaria,BGR,2016,53806894796
BFA2016,Burkina Faso,BFA,2016,12833363370
BDI2016,Burundi,BDI,2016,2959640987
CPV2016,Cabo Verde,CPV,2016,1662998678
KHM2016,Cambodia,KHM,2016,20016747754
CMR2016,Cameroon,CMR,2016,32643697596
CAN2016,Canada,CAN,2016,1.53E+12
CYM2016,Cayman Islands,CYM,2016,4909498943
CAF2016,Central African Republic,CAF,2016,1825018191
TCD2016,Chad,TCD,2016,10097778354
CHI2016,Channel Islands,CHI,2016,0
CHL2016,Chile,CHL,2016,2.50E+11
CHN2016,China,CHN,2016,1.12E+13
COL2016,Colombia,COL,2016,2.83E+11
COM2016,Comoros,COM,2016,1012835518
COD2016,"Congo, Dem. Rep.",COD,2016,37134799975
COG2016,"Congo, Rep.",COG,2016,10335424288
CRI2016,Costa Rica,CRI,2016,57157992434
CIV2016,Cote d'Ivoire,CIV,2016,47964234560
HRV2016,Croatia,HRV,2016,51601147666
CUB2016,Cuba,CUB,2016,91370000000
CUW2016,Curacao,CUW,2016,3122287933
CYP2016,Cyprus,CYP,2016,20953442550
CZE2016,Czech Republic,CZE,2016,1.96E+11
DNK2016,Denmark,DNK,2016,3.13E+11
DJI2016,Djibouti,DJI,2016,2603554907
DMA2016,Dominica,DMA,2016,576229629.6
DOM2016,Dominican Republic,DOM,2016,75704720190
ECU2016,Ecuador,ECU,2016,99937696000
EGY2016,"Egypt, Arab Rep.",EGY,2016,3.32E+11
SLV2016,El Salvador,SLV,2016,24191440000
GNQ2016,Equatorial Guinea,GNQ,2016,11240809132
ERI2016,Eritrea,ERI,2016,0
EST2016,Estonia,EST,2016,24259552889
SWZ2016,Eswatini,SWZ,2016,3816018485
ETH2016,Ethiopia,ETH,2016,74296618481
FRO2016,Faroe Islands,FRO,2016,2738832687
FJI2016,Fiji,FJI,2016,4930204220
FIN2016,Finland,FIN,2016,2.41E+11
FRA2016,France,FRA,2016,2.47E+12
PYF2016,French Polynesia,PYF,2016,0
GAB2016,Gabon,GAB,2016,14023890620
GMB2016,"Gambia, The",GMB,2016,1484579844
GEO2016,Georgia,GEO,2016,15141758567
DEU2016,Germany,DEU,2016,3.47E+12
GHA2016,Ghana,GHA,2016,55009730600
GIB2016,Gibraltar,GIB,2016,0
GRC2016,Greece,GRC,2016,1.95E+11
GRL2016,Greenland,GRL,2016,2707146783
GRD2016,Grenada,GRD,2016,1061631222
GUM2016,Guam,GUM,2016,5795000000
GTM2016,Guatemala,GTM,2016,66053725049
GIN2016,Guinea,GIN,2016,8595955581
GNB2016,Guinea-Bissau,GNB,2016,1179004941
GUY2016,Guyana,GUY,2016,4482697337
HTI2016,Haiti,HTI,2016,13723267961
HND2016,Honduras,HND,2016,21717622071
HKG2016,"Hong Kong SAR, China",HKG,2016,3.21E+11
HUN2016,Hungary,HUN,2016,1.28E+11
ISL2016,Iceland,ISL,2016,20618363252
IND2016,India,IND,2016,2.29E+12
IDN2016,Indonesia,IDN,2016,9.32E+11
IRN2016,"Iran, Islamic Rep.",IRN,2016,4.18E+11
IRQ2016,Iraq,IRQ,2016,1.75E+11
IRL2016,Ireland,IRL,2016,3.01E+11
IMN2016,Isle of Man,IMN,2016,6846691871
ISR2016,Israel,ISR,2016,3.19E+11
ITA2016,Italy,ITA,2016,1.88E+12
JAM2016,Jamaica,JAM,2016,14075894320
JPN2016,Japan,JPN,2016,4.92E+12
JOR2016,Jordan,JOR,2016,39892551149
KAZ2016,Kazakhstan,KAZ,2016,1.37E+11
KEN2016,Kenya,KEN,2016,69188755364
KIR2016,Kiribati,KIR,2016,178328873
PRK2016,"Korea, Dem. People’s Rep.",PRK,2016,0
KOR2016,"Korea, Rep.",KOR,2016,1.50E+12
XKX2016,Kosovo,XKX,2016,6719172017
KWT2016,Kuwait,KWT,2016,1.09E+11
KGZ2016,Kyrgyz Republic,KGZ,2016,6813092066
LAO2016,Lao PDR,LAO,2016,15805692546
LVA2016,Latvia,LVA,2016,28052325862
LBN2016,Lebanon,LBN,2016,51205122504
LSO2016,Lesotho,LSO,2016,2165408359
LBR2016,Liberia,LBR,2016,3277826000
LBY2016,Libya,LBY,2016,26197143268
LIE2016,Liechtenstein,LIE,2016,6237264055
LTU2016,Lithuania,LTU,2016,43018087238
LUX2016,Luxembourg,LUX,2016,60691483443
MAC2016,"Macao SAR, China",MAC,2016,45387299721
MDG2016,Madagascar,MDG,2016,11848615018
MWI2016,Malawi,MWI,2016,5433040160
MYS2016,Malaysia,MYS,2016,3.01E+11
MDV2016,Maldives,MDV,2016,4379115588
MLI2016,Mali,MLI,2016,14025944550
MLT2016,Malta,MLT,2016,11665231192
MHL2016,Marshall Islands,MHL,2016,200558400
MRT2016,Mauritania,MRT,2016,6398744505
MUS2016,Mauritius,MUS,2016,12232463656
MEX2016,Mexico,MEX,2016,1.08E+12
FSM2016,"Micronesia, Fed. Sts.",FSM,2016,332265200
MDA2016,Moldova,MDA,2016,8071480541
MCO2016,Monaco,MCO,2016,6472990923
MNG2016,Mongolia,MNG,2016,11186734674
MNE2016,Montenegro,MNE,2016,4373958354
Mar-16,Morocco,MAR,2016,1.03E+11
MOZ2016,Mozambique,MOZ,2016,11936999283
MMR2016,Myanmar,MMR,2016,67184236747
NAM2016,Namibia,NAM,2016,10665634688
NRU2016,Nauru,NRU,2016,100087349
NPL2016,Nepal,NPL,2016,21185922408
NLD2016,Netherlands,NLD,2016,7.84E+11
NCL2016,New Caledonia,NCL,2016,0
NZL2016,New Zealand,NZL,2016,1.88E+11
NIC2016,Nicaragua,NIC,2016,13286083645
NER2016,Niger,NER,2016,10355006770
NGA2016,Nigeria,NGA,2016,4.05E+11
MKD2016,North Macedonia,MKD,2016,10672471861
MNP2016,Northern Mariana Islands,MNP,2016,1250000000
NOR2016,Norway,NOR,2016,3.69E+11
OMN2016,Oman,OMN,2016,65480507171
PAK2016,Pakistan,PAK,2016,2.79E+11
PLW2016,Palau,PLW,2016,295065400
PAN2016,Panama,PAN,2016,57907700000
PNG2016,Papua New Guinea,PNG,2016,20759069105
PRY2016,Paraguay,PRY,2016,36054281572
PER2016,Peru,PER,2016,1.92E+11
PHL2016,Philippines,PHL,2016,3.19E+11
POL2016,Poland,POL,2016,4.73E+11
PRT2016,Portugal,PRT,2016,2.06E+11
PRI2016,Puerto Rico,PRI,2016,1.04E+11
QAT2016,Qatar,QAT,2016,1.52E+11
ROU2016,Romania,ROU,2016,1.88E+11
RUS2016,Russian Federation,RUS,2016,1.28E+12
RWA2016,Rwanda,RWA,2016,8697268916
WSM2016,Samoa,WSM,2016,799376439.5
SMR2016,San Marino,SMR,2016,1468377272
STP2016,Sao Tome and Principe,STP,2016,345495358.4
SAU2016,Saudi Arabia,SAU,2016,6.45E+11
SEN2016,Senegal,SEN,2016,19040312815
SRB2016,Serbia,SRB,2016,40692643373
SYC2016,Seychelles,SYC,2016,1426651769
SLE2016,Sierra Leone,SLE,2016,3674794530
SGP2016,Singapore,SGP,2016,3.19E+11
SXM2016,Sint Maarten (Dutch part),SXM,2016,1263687151
SVK2016,Slovak Republic,SVK,2016,89655253976
SVN2016,Slovenia,SVN,2016,44736333522
SLB2016,Solomon Islands,SLB,2016,1378551118
SOM2016,Somalia,SOM,2016,0
ZAF2016,South Africa,ZAF,2016,2.96E+11
SSD2016,South Sudan,SSD,2016,0
ESP2016,Spain,ESP,2016,1.23E+12
LKA2016,Sri Lanka,LKA,2016,82401038710
KNA2016,St. Kitts and Nevis,KNA,2016,971166666.7
LCA2016,St. Lucia,LCA,2016,1865375222
MAF2016,St. Martin (French part),MAF,2016,0
VCT2016,St. Vincent and the Grenadines,VCT,2016,774429629.6
SDN2016,Sudan,SDN,2016,51772232495
SUR2016,Suriname,SUR,2016,3128953537
SWE2016,Sweden,SWE,2016,5.16E+11
CHE2016,Switzerland,CHE,2016,6.71E+11
SYR2016,Syrian Arab Republic,SYR,2016,0
TJK2016,Tajikistan,TJK,2016,6952678127
TZA2016,Tanzania,TZA,2016,49774021003
THA2016,Thailand,THA,2016,4.13E+11
TLS2016,Timor-Leste,TLS,2016,1650608600
TGO2016,Togo,TGO,2016,4486979198
TON2016,Tonga,TON,2016,420540178.6
TTO2016,Trinidad and Tobago,TTO,2016,22284780327
TUN2016,Tunisia,TUN,2016,41801210428
TUR2016,Turkey,TUR,2016,8.70E+11
TKM2016,Turkmenistan,TKM,2016,36180000000
TCA2016,Turks and Caicos Islands,TCA,2016,1032452000
TUV2016,Tuvalu,TUV,2016,36547799.58
UGA2016,Uganda,UGA,2016,29078719934
UKR2016,Ukraine,UKR,2016,93355993629
ARE2016,United Arab Emirates,ARE,2016,3.57E+11
GBR2016,United Kingdom,GBR,2016,2.69E+12
USA2016,United States,USA,2016,1.87E+13
URY2016,Uruguay,URY,2016,52687612262
UZB2016,Uzbekistan,UZB,2016,81779012351
VUT2016,Vanuatu,VUT,2016,804332795.6
VEN2016,"Venezuela, RB",VEN,2016,0
VNM2016,Vietnam,VNM,2016,2.05E+11
VIR2016,Virgin Islands (U.S.),VIR,2016,3863000000
PSE2016,West Bank and Gaza,PSE,2016,15405400000
YEM2016,"Yemen, Rep.",YEM,2016,30935978724
ZMB2016,Zambia,ZMB,2016,20954754378
ZWE2016,Zimbabwe,ZWE,2016,20548678100
ARB2016,Arab World,ARB,2016,2.47E+12
CSS2016,Caribbean small states,CSS,2016,69191343076
CEB2016,Central Europe and the Baltics,CEB,2016,1.32E+12
EAR2016,Early-demographic dividend,EAR,2016,1.06E+13
EAS2016,East Asia & Pacific,EAS,2016,2.27E+13
EAP2016,East Asia & Pacific (excluding high income),EAP,2016,1.36E+13
TEA2016,East Asia & Pacific (IDA & IBRD countries),TEA,2016,1.35E+13
EMU2016,Euro area,EMU,2016,1.20E+13
ECS2016,Europe & Central Asia,ECS,2016,2.04E+13
ECA2016,Europe & Central Asia (excluding high income),ECA,2016,2.77E+12
TEC2016,Europe & Central Asia (IDA & IBRD countries),TEC,2016,3.49E+12
EUU2016,European Union,EUU,2016,1.39E+13
FCS2016,Fragile and conflict affected situations,FCS,2016,1.55E+12
HPC2016,Heavily indebted poor countries (HIPC),HPC,2016,6.70E+11
HIC2016,High income,HIC,2016,4.92E+13
IBD2016,IBRD only,IBD,2016,2.62E+13
IBT2016,IDA & IBRD total,IBT,2016,2.82E+13
IDB2016,IDA blend,IDB,2016,9.31E+11
IDX2016,IDA only,IDX,2016,1.11E+12
IDA2016,IDA total,IDA,2016,2.04E+12
LTE2016,Late-demographic dividend,LTE,2016,1.85E+13
LCN2016,Latin America & Caribbean,LCN,2016,5.40E+12
LAC2016,Latin America & Caribbean (excluding high income),LAC,2016,4.87E+12
TLA2016,Latin America & the Caribbean (IDA & IBRD countries),TLA,2016,5.16E+12
LDC2016,Least developed countries: UN classification,LDC,2016,9.51E+11
LMY2016,Low & middle income,LMY,2016,2.72E+13
LIC2016,Low income,LIC,2016,4.89E+11
LMC2016,Lower middle income,LMC,2016,5.36E+12
MEA2016,Middle East & North Africa,MEA,2016,3.16E+12
MNA2016,Middle East & North Africa (excluding high income),MNA,2016,1.46E+12
TMN2016,Middle East & North Africa (IDA & IBRD countries),TMN,2016,1.44E+12
MIC2016,Middle income,MIC,2016,2.67E+13
NAC2016,North America,NAC,2016,2.03E+13
OED2016,OECD members,OED,2016,4.82E+13
OSS2016,Other small states,OSS,2016,3.66E+11
PSS2016,Pacific island small states,PSS,2016,9475857773
PST2016,Post-demographic dividend,PST,2016,4.55E+13
PRE2016,Pre-demographic dividend,PRE,2016,1.22E+12
SST2016,Small states,SST,2016,4.45E+11
SAS2016,South Asia,SAS,2016,2.92E+12
TSA2016,South Asia (IDA & IBRD),TSA,2016,2.92E+12
SSF2016,Sub-Saharan Africa,SSF,2016,1.54E+12
SSA2016,Sub-Saharan Africa (excluding high income),SSA,2016,1.53E+12
TSS2016,Sub-Saharan Africa (IDA & IBRD countries),TSS,2016,1.54E+12
UMC2016,Upper middle income,UMC,2016,2.13E+13
WLD2016,World,WLD,2016,7.64E+13
AFG2017,Afghanistan,AFG,2017,18869945678
ALB2017,Albania,ALB,2017,13019693451
DZA2017,Algeria,DZA,2017,1.70E+11
ASM2017,American Samoa,ASM,2017,602000000
AND2017,Andorra,AND,2017,3000180750
AGO2017,Angola,AGO,2017,1.22E+11
ATG2017,Antigua and Barbuda,ATG,2017,1467977778
ARG2017,Argentina,ARG,2017,6.44E+11
ARM2017,Armenia,ARM,2017,11527458566
ABW2017,Aruba,ABW,2017,3056424581
AUS2017,Australia,AUS,2017,1.33E+12
AUT2017,Austria,AUT,2017,4.17E+11
AZE2017,Azerbaijan,AZE,2017,40865558912
BHS2017,"Bahamas, The",BHS,2017,12490700000
BHR2017,Bahrain,BHR,2017,35473776596
BGD2017,Bangladesh,BGD,2017,2.50E+11
BRB2017,Barbados,BRB,2017,4978000000
BLR2017,Belarus,BLR,2017,54726595249
BEL2017,Belgium,BEL,2017,5.03E+11
BLZ2017,Belize,BLZ,2017,1836600000
BEN2017,Benin,BEN,2017,12701656931
BMU2017,Bermuda,BMU,2017,7142316000
BTN2017,Bhutan,BTN,2017,2450364928
BOL2017,Bolivia,BOL,2017,37508642165
BIH2017,Bosnia and Herzegovina,BIH,2017,18080118128
BWA2017,Botswana,BWA,2017,17405588070
BRA2017,Brazil,BRA,2017,2.06E+12
VGB2017,British Virgin Islands,VGB,2017,0
BRN2017,Brunei Darussalam,BRN,2017,12128104859
BGR2017,Bulgaria,BGR,2017,58971520599
BFA2017,Burkina Faso,BFA,2017,14106956830
BDI2017,Burundi,BDI,2017,3172292379
CPV2017,Cabo Verde,CPV,2017,1769787215
KHM2017,Cambodia,KHM,2017,22177200512
CMR2017,Cameroon,CMR,2017,35009262788
CAN2017,Canada,CAN,2017,1.65E+12
CYM2017,Cayman Islands,CYM,2017,5153091158
CAF2017,Central African Republic,CAF,2017,2072350151
TCD2017,Chad,TCD,2017,10000395242
CHI2017,Channel Islands,CHI,2017,0
CHL2017,Chile,CHL,2017,2.77E+11
CHN2017,China,CHN,2017,1.23E+13
COL2017,Colombia,COL,2017,3.12E+11
COM2017,Comoros,COM,2017,1077439663
COD2017,"Congo, Dem. Rep.",COD,2017,38019265626
COG2017,"Congo, Rep.",COG,2017,11198674674
CRI2017,Costa Rica,CRI,2017,58481858043
CIV2017,Cote d'Ivoire,CIV,2017,51588158718
HRV2017,Croatia,HRV,2017,55481644098
CUB2017,Cuba,CUB,2017,96851000000
CUW2017,Curacao,CUW,2017,3116610112
CYP2017,Cyprus,CYP,2017,22729184365
CZE2017,Czech Republic,CZE,2017,2.19E+11
DNK2017,Denmark,DNK,2017,3.32E+11
DJI2017,Djibouti,DJI,2017,2751461056
DMA2017,Dominica,DMA,2017,519837037
DOM2017,Dominican Republic,DOM,2017,79997975623
ECU2017,Ecuador,ECU,2017,1.04E+11
EGY2017,"Egypt, Arab Rep.",EGY,2017,2.36E+11
SLV2017,El Salvador,SLV,2017,24979200000
GNQ2017,Equatorial Guinea,GNQ,2017,12200914930
ERI2017,Eritrea,ERI,2017,0
EST2017,Estonia,EST,2017,26951648829
SWZ2017,Eswatini,SWZ,2017,4402973000
ETH2017,Ethiopia,ETH,2017,81770791971
FRO2017,Faroe Islands,FRO,2017,2905102304
FJI2017,Fiji,FJI,2017,5353404419
FIN2017,Finland,FIN,2017,2.55E+11
FRA2017,France,FRA,2017,2.60E+12
PYF2017,French Polynesia,PYF,2017,0
GAB2017,Gabon,GAB,2017,14929488771
GMB2017,"Gambia, The",GMB,2017,1504909753
GEO2017,Georgia,GEO,2017,16242916916
DEU2017,Germany,DEU,2017,3.68E+12
GHA2017,Ghana,GHA,2017,58998132330
GIB2017,Gibraltar,GIB,2017,0
GRC2017,Greece,GRC,2017,2.04E+11
GRL2017,Greenland,GRL,2017,2826651926
GRD2017,Grenada,GRD,2017,1125685185
GUM2017,Guam,GUM,2017,5851000000
GTM2017,Guatemala,GTM,2017,71612352645
GIN2017,Guinea,GIN,2017,10324668267
GNB2017,Guinea-Bissau,GNB,2017,1350177128
GUY2017,Guyana,GUY,2017,4748174334
HTI2017,Haiti,HTI,2017,14213814583
HND2017,Honduras,HND,2017,23136232230
HKG2017,"Hong Kong SAR, China",HKG,2017,3.41E+11
HUN2017,Hungary,HUN,2017,1.43E+11
ISL2017,Iceland,ISL,2017,24488176541
IND2017,India,IND,2017,2.65E+12
IDN2017,Indonesia,IDN,2017,1.02E+12
IRN2017,"Iran, Islamic Rep.",IRN,2017,4.45E+11
IRQ2017,Iraq,IRQ,2017,1.95E+11
IRL2017,Ireland,IRL,2017,3.36E+11
IMN2017,Isle of Man,IMN,2017,6979581725
ISR2017,Israel,ISR,2017,3.53E+11
ITA2017,Italy,ITA,2017,1.96E+12
JAM2017,Jamaica,JAM,2017,14806340821
JPN2017,Japan,JPN,2017,4.87E+12
JOR2017,Jordan,JOR,2017,41408960787
KAZ2017,Kazakhstan,KAZ,2017,1.67E+11
KEN2017,Kenya,KEN,2017,78965004656
KIR2017,Kiribati,KIR,2017,187276210.9
PRK2017,"Korea, Dem. People’s Rep.",PRK,2017,0
KOR2017,"Korea, Rep.",KOR,2017,1.62E+12
XKX2017,Kosovo,XKX,2017,7245707185
KWT2017,Kuwait,KWT,2017,1.21E+11
KGZ2017,Kyrgyz Republic,KGZ,2017,7702934800
LAO2017,Lao PDR,LAO,2017,16853087485
LVA2017,Latvia,LVA,2017,30458763246
LBN2017,Lebanon,LBN,2017,53140638269
LSO2017,Lesotho,LSO,2017,2405289384
LBR2017,Liberia,LBR,2017,3285455000
LBY2017,Libya,LBY,2017,37883243650
LIE2017,Liechtenstein,LIE,2017,6552858739
LTU2017,Lithuania,LTU,2017,47758736932
LUX2017,Luxembourg,LUX,2017,64181944723
MAC2017,"Macao SAR, China",MAC,2017,50751059058
MDG2017,Madagascar,MDG,2017,13176313233
MWI2017,Malawi,MWI,2017,6303292264
MYS2017,Malaysia,MYS,2017,3.19E+11
MDV2017,Maldives,MDV,2017,4754352301
MLI2017,Mali,MLI,2017,15365627045
MLT2017,Malta,MLT,2017,13146963159
MHL2017,Marshall Islands,MHL,2017,212881000
MRT2017,Mauritania,MRT,2017,6758390729
MUS2017,Mauritius,MUS,2017,13259351418
MEX2017,Mexico,MEX,2017,1.16E+12
FSM2017,"Micronesia, Fed. Sts.",FSM,2017,366666800
MDA2017,Moldova,MDA,2017,9669759987
MCO2017,Monaco,MCO,2017,6431314957
MNG2017,Mongolia,MNG,2017,11425755280
MNE2017,Montenegro,MNE,2017,4844606146
Mar-17,Morocco,MAR,2017,1.10E+11
MOZ2017,Mozambique,MOZ,2017,13219084261
MMR2017,Myanmar,MMR,2017,68945867478
NAM2017,Namibia,NAM,2017,12741746524
NRU2017,Nauru,NRU,2017,109585941.6
NPL2017,Nepal,NPL,2017,25180583770
NLD2017,Netherlands,NLD,2017,8.34E+11
NCL2017,New Caledonia,NCL,2017,0
NZL2017,New Zealand,NZL,2017,2.05E+11
NIC2017,Nicaragua,NIC,2017,13785909906
NER2017,Niger,NER,2017,11189541083
NGA2017,Nigeria,NGA,2017,3.76E+11
MKD2017,North Macedonia,MKD,2017,11307058382
MNP2017,Northern Mariana Islands,MNP,2017,1601000000
NOR2017,Norway,NOR,2017,3.98E+11
OMN2017,Oman,OMN,2017,70598026283
PAK2017,Pakistan,PAK,2017,3.05E+11
PLW2017,Palau,PLW,2017,286106800
PAN2017,Panama,PAN,2017,62219000000
PNG2017,Papua New Guinea,PNG,2017,22742613549
PRY2017,Paraguay,PRY,2017,39008900332
PER2017,Peru,PER,2017,2.11E+11
PHL2017,Philippines,PHL,2017,3.28E+11
POL2017,Poland,POL,2017,5.27E+11
PRT2017,Portugal,PRT,2017,2.21E+11
PRI2017,Puerto Rico,PRI,2017,1.03E+11
QAT2017,Qatar,QAT,2017,1.61E+11
ROU2017,Romania,ROU,2017,2.12E+11
RUS2017,Russian Federation,RUS,2017,1.57E+12
RWA2017,Rwanda,RWA,2017,9253098954
WSM2017,Samoa,WSM,2017,832153612.6
SMR2017,San Marino,SMR,2017,1528630707
STP2017,Sao Tome and Principe,STP,2017,375614556.4
SAU2017,Saudi Arabia,SAU,2017,6.89E+11
SEN2017,Senegal,SEN,2017,20996564752
SRB2017,Serbia,SRB,2017,44179055280
SYC2017,Seychelles,SYC,2017,1524486800
SLE2017,Sierra Leone,SLE,2017,3739577973
SGP2017,Singapore,SGP,2017,3.42E+11
SXM2017,Sint Maarten (Dutch part),SXM,2017,1191620112
SVK2017,Slovak Republic,SVK,2017,95494424979
SVN2017,Slovenia,SVN,2017,48586603448
SLB2017,Solomon Islands,SLB,2017,1483758907
SOM2017,Somalia,SOM,2017,0
ZAF2017,South Africa,ZAF,2017,3.50E+11
SSD2017,South Sudan,SSD,2017,0
ESP2017,Spain,ESP,2017,1.31E+12
LKA2017,Sri Lanka,LKA,2017,87428125558
KNA2017,St. Kitts and Nevis,KNA,2017,996944444.4
LCA2017,St. Lucia,LCA,2017,1999090407
MAF2017,St. Martin (French part),MAF,2017,0
VCT2017,St. Vincent and the Grenadines,VCT,2017,792177777.8
SDN2017,Sudan,SDN,2017,45021077955
SUR2017,Suriname,SUR,2017,3216207914
SWE2017,Sweden,SWE,2017,5.41E+11
CHE2017,Switzerland,CHE,2017,6.80E+11
SYR2017,Syrian Arab Republic,SYR,2017,0
TJK2017,Tajikistan,TJK,2017,7157865188
TZA2017,Tanzania,TZA,2017,53320625959
THA2017,Thailand,THA,2017,4.56E+11
TLS2017,Timor-Leste,TLS,2017,1599338100
TGO2017,Togo,TGO,2017,4819949975
TON2017,Tonga,TON,2017,460379145
TTO2017,Trinidad and Tobago,TTO,2017,22474828527
TUN2017,Tunisia,TUN,2017,39802430355
TUR2017,Turkey,TUR,2017,8.59E+11
TKM2017,Turkmenistan,TKM,2017,37926285714
TCA2017,Turks and Caicos Islands,TCA,2017,1022365000
TUV2017,Tuvalu,TUV,2017,40619251.99
UGA2017,Uganda,UGA,2017,30756466548
UKR2017,Ukraine,UKR,2017,1.12E+11
ARE2017,United Arab Emirates,ARE,2017,3.86E+11
GBR2017,United Kingdom,GBR,2017,2.67E+12
USA2017,United States,USA,2017,1.95E+13
URY2017,Uruguay,URY,2017,59530088537
UZB2017,Uzbekistan,UZB,2017,59159945321
VUT2017,Vanuatu,VUT,2017,880043553.7
VEN2017,"Venezuela, RB",VEN,2017,0
VNM2017,Vietnam,VNM,2017,2.24E+11
VIR2017,Virgin Islands (U.S.),VIR,2017,3855000000
PSE2017,West Bank and Gaza,PSE,2017,16128000000
YEM2017,"Yemen, Rep.",YEM,2017,26736139802
ZMB2017,Zambia,ZMB,2017,25868165345
ZWE2017,Zimbabwe,ZWE,2017,22040902300
ARB2017,Arab World,ARB,2017,2.52E+12
CSS2017,Caribbean small states,CSS,2017,71452564226
CEB2017,Central Europe and the Baltics,CEB,2017,1.46E+12
EAR2017,Early-demographic dividend,EAR,2017,1.14E+13
EAS2017,East Asia & Pacific,EAS,2017,2.42E+13
EAP2017,East Asia & Pacific (excluding high income),EAP,2017,1.48E+13
TEA2017,East Asia & Pacific (IDA & IBRD countries),TEA,2017,1.48E+13
EMU2017,Euro area,EMU,2017,1.27E+13
ECS2017,Europe & Central Asia,ECS,2017,2.16E+13
ECA2017,Europe & Central Asia (excluding high income),ECA,2017,3.11E+12
TEC2017,Europe & Central Asia (IDA & IBRD countries),TEC,2017,3.91E+12
EUU2017,European Union,EUU,2017,1.48E+13
FCS2017,Fragile and conflict affected situations,FCS,2017,1.57E+12
HPC2017,Heavily indebted poor countries (HIPC),HPC,2017,7.13E+11
HIC2017,High income,HIC,2017,5.15E+13
IBD2017,IBRD only,IBD,2017,2.89E+13
IBT2017,IDA & IBRD total,IBT,2017,3.10E+13
IDB2017,IDA blend,IDB,2017,9.23E+11
IDX2017,IDA only,IDX,2017,1.19E+12
IDA2017,IDA total,IDA,2017,2.11E+12
LTE2017,Late-demographic dividend,LTE,2017,2.05E+13
LCN2017,Latin America & Caribbean,LCN,2017,6.00E+12
LAC2017,Latin America & Caribbean (excluding high income),LAC,2017,5.43E+12
TLA2017,Latin America & the Caribbean (IDA & IBRD countries),TLA,2017,5.76E+12
LDC2017,Least developed countries: UN classification,LDC,2017,1.03E+12
LMY2017,Low & middle income,LMY,2017,2.99E+13
LIC2017,Low income,LIC,2017,5.03E+11
LMC2017,Lower middle income,LMC,2017,5.77E+12
MEA2017,Middle East & North Africa,MEA,2017,3.27E+12
MNA2017,Middle East & North Africa (excluding high income),MNA,2017,1.44E+12
TMN2017,Middle East & North Africa (IDA & IBRD countries),TMN,2017,1.42E+12
MIC2017,Middle income,MIC,2017,2.94E+13
NAC2017,North America,NAC,2017,2.12E+13
OED2017,OECD members,OED,2017,5.03E+13
OSS2017,Other small states,OSS,2017,3.99E+11
PSS2017,Pacific island small states,PSS,2017,10212875641
PST2017,Post-demographic dividend,PST,2017,4.75E+13
PRE2017,Pre-demographic dividend,PRE,2017,1.27E+12
SST2017,Small states,SST,2017,4.81E+11
SAS2017,South Asia,SAS,2017,3.35E+12
TSA2017,South Asia (IDA & IBRD),TSA,2017,3.35E+12
SSF2017,Sub-Saharan Africa,SSF,2017,1.64E+12
SSA2017,Sub-Saharan Africa (excluding high income),SSA,2017,1.63E+12
TSS2017,Sub-Saharan Africa (IDA & IBRD countries),TSS,2017,1.64E+12
UMC2017,Upper middle income,UMC,2017,2.36E+13
WLD2017,World,WLD,2017,8.13E+13
AFG2018,Afghanistan,AFG,2018,18353881130
ALB2018,Albania,ALB,2018,15147020535
DZA2018,Algeria,DZA,2018,1.75E+11
ASM2018,American Samoa,ASM,2018,636000000
AND2018,Andorra,AND,2018,3218316013
AGO2018,Angola,AGO,2018,1.01E+11
ATG2018,Antigua and Barbuda,ATG,2018,1605351852
ARG2018,Argentina,ARG,2018,5.18E+11
ARM2018,Armenia,ARM,2018,12457941907
ABW2018,Aruba,ABW,2018,0
AUS2018,Australia,AUS,2018,1.43E+12
AUT2018,Austria,AUT,2018,4.55E+11
AZE2018,Azerbaijan,AZE,2018,47112941176
BHS2018,"Bahamas, The",BHS,2018,13022100000
BHR2018,Bahrain,BHR,2018,37652500000
BGD2018,Bangladesh,BGD,2018,2.74E+11
BRB2018,Barbados,BRB,2018,5086500000
BLR2018,Belarus,BLR,2018,60031262269
BEL2018,Belgium,BEL,2018,5.44E+11
BLZ2018,Belize,BLZ,2018,1871200000
BEN2018,Benin,BEN,2018,14250985959
BMU2018,Bermuda,BMU,2018,7224329000
BTN2018,Bhutan,BTN,2018,2446866405
BOL2018,Bolivia,BOL,2018,40287647930
BIH2018,Bosnia and Herzegovina,BIH,2018,20183510561
BWA2018,Botswana,BWA,2018,18663265549
BRA2018,Brazil,BRA,2018,1.89E+12
VGB2018,British Virgin Islands,VGB,2018,0
BRN2018,Brunei Darussalam,BRN,2018,13567351175
BGR2018,Bulgaria,BGR,2018,66230155100
BFA2018,Burkina Faso,BFA,2018,16059910871
BDI2018,Burundi,BDI,2018,3036931818
CPV2018,Cabo Verde,CPV,2018,1966983317
KHM2018,Cambodia,KHM,2018,24571753583
CMR2018,Cameroon,CMR,2018,38694156863
CAN2018,Canada,CAN,2018,1.72E+12
CYM2018,Cayman Islands,CYM,2018,5517361238
CAF2018,Central African Republic,CAF,2018,2220978978
TCD2018,Chad,TCD,2018,11239167048
CHI2018,Channel Islands,CHI,2018,0
CHL2018,Chile,CHL,2018,2.98E+11
CHN2018,China,CHN,2018,1.39E+13
COL2018,Colombia,COL,2018,3.34E+11
COM2018,Comoros,COM,2018,1178530758
COD2018,"Congo, Dem. Rep.",COD,2018,46831342213
COG2018,"Congo, Rep.",COG,2018,13518403447
CRI2018,Costa Rica,CRI,2018,60553901420
CIV2018,Cote d'Ivoire,CIV,2018,58011466451
HRV2018,Croatia,HRV,2018,61375222347
CUB2018,Cuba,CUB,2018,1.00E+11
CUW2018,Curacao,CUW,2018,3127908045
CYP2018,Cyprus,CYP,2018,25309818139
CZE2018,Czech Republic,CZE,2018,2.49E+11
DNK2018,Denmark,DNK,2018,3.57E+11
DJI2018,Djibouti,DJI,2018,3012820410
DMA2018,Dominica,DMA,2018,551074074.1
DOM2018,Dominican Republic,DOM,2018,85555378044
ECU2018,Ecuador,ECU,2018,1.08E+11
EGY2018,"Egypt, Arab Rep.",EGY,2018,2.50E+11
SLV2018,El Salvador,SLV,2018,26117400000
GNQ2018,Equatorial Guinea,GNQ,2018,13278488567
ERI2018,Eritrea,ERI,2018,0
EST2018,Estonia,EST,2018,30631142227
SWZ2018,Eswatini,SWZ,2018,4665424249
ETH2018,Ethiopia,ETH,2018,84269348327
FRO2018,Faroe Islands,FRO,2018,3116887847
FJI2018,Fiji,FJI,2018,5581393121
FIN2018,Finland,FIN,2018,2.76E+11
FRA2018,France,FRA,2018,2.79E+12
PYF2018,French Polynesia,PYF,2018,0
GAB2018,Gabon,GAB,2018,16862282414
GMB2018,"Gambia, The",GMB,2018,1670670669
GEO2018,Georgia,GEO,2018,17599700091
DEU2018,Germany,DEU,2018,3.96E+12
GHA2018,Ghana,GHA,2018,65556464048
GIB2018,Gibraltar,GIB,2018,0
GRC2018,Greece,GRC,2018,2.18E+11
GRL2018,Greenland,GRL,2018,3051626390
GRD2018,Grenada,GRD,2018,1168696296
GUM2018,Guam,GUM,2018,5920000000
GTM2018,Guatemala,GTM,2018,73118147941
GIN2018,Guinea,GIN,2018,10907214994
GNB2018,Guinea-Bissau,GNB,2018,1458868242
GUY2018,Guyana,GUY,2018,4787635821
HTI2018,Haiti,HTI,2018,15965670198
HND2018,Honduras,HND,2018,24024189736
HKG2018,"Hong Kong SAR, China",HKG,2018,3.62E+11
HUN2018,Hungary,HUN,2018,1.60E+11
ISL2018,Iceland,ISL,2018,25737594324
IND2018,India,IND,2018,2.71E+12
IDN2018,Indonesia,IDN,2018,1.04E+12
IRN2018,"Iran, Islamic Rep.",IRN,2018,4.54E+11
IRQ2018,Iraq,IRQ,2018,2.24E+11
IRL2018,Ireland,IRL,2018,3.83E+11
IMN2018,Isle of Man,IMN,2018,7491969313
ISR2018,Israel,ISR,2018,3.71E+11
ITA2018,Italy,ITA,2018,2.09E+12
JAM2018,Jamaica,JAM,2018,15713908816
JPN2018,Japan,JPN,2018,4.95E+12
JOR2018,Jordan,JOR,2018,42932112676
KAZ2018,Kazakhstan,KAZ,2018,1.79E+11
KEN2018,Kenya,KEN,2018,87778582964
KIR2018,Kiribati,KIR,2018,196737896
PRK2018,"Korea, Dem. People’s Rep.",PRK,2018,0
KOR2018,"Korea, Rep.",KOR,2018,1.72E+12
XKX2018,Kosovo,XKX,2018,7942961738
KWT2018,Kuwait,KWT,2018,1.41E+11
KGZ2018,Kyrgyz Republic,KGZ,2018,8271108638
LAO2018,Lao PDR,LAO,2018,17953786416
LVA2018,Latvia,LVA,2018,34416012859
LBN2018,Lebanon,LBN,2018,54961275742
LSO2018,Lesotho,LSO,2018,2575892262
LBR2018,Liberia,LBR,2018,3264000000
LBY2018,Libya,LBY,2018,52607888718
LIE2018,Liechtenstein,LIE,2018,6876981286
LTU2018,Lithuania,LTU,2018,53722883091
LUX2018,Luxembourg,LUX,2018,70919958016
MAC2018,"Macao SAR, China",MAC,2018,55084050790
MDG2018,Madagascar,MDG,2018,13853433948
MWI2018,Malawi,MWI,2018,6917301909
MYS2018,Malaysia,MYS,2018,3.59E+11
MDV2018,Maldives,MDV,2018,5299773145
MLI2018,Mali,MLI,2018,17070758732
MLT2018,Malta,MLT,2018,14750790658
MHL2018,Marshall Islands,MHL,2018,221278000
MRT2018,Mauritania,MRT,2018,7049169771
MUS2018,Mauritius,MUS,2018,14181951059
MEX2018,Mexico,MEX,2018,1.22E+12
FSM2018,"Micronesia, Fed. Sts.",FSM,2018,401932300
MDA2018,Moldova,MDA,2018,11456717193
MCO2018,Monaco,MCO,2018,7188238073
MNG2018,Mongolia,MNG,2018,13108769496
MNE2018,Montenegro,MNE,2018,5504255214
Mar-18,Morocco,MAR,2018,1.18E+11
MOZ2018,Mozambique,MOZ,2018,14845870051
MMR2018,Myanmar,MMR,2018,76168043982
NAM2018,Namibia,NAM,2018,13454211344
NRU2018,Nauru,NRU,2018,124021393.7
NPL2018,Nepal,NPL,2018,29173513476
NLD2018,Netherlands,NLD,2018,9.14E+11
NCL2018,New Caledonia,NCL,2018,0
NZL2018,New Zealand,NZL,2018,2.08E+11
NIC2018,Nicaragua,NIC,2018,13063904770
NER2018,Niger,NER,2018,12846952857
NGA2018,Nigeria,NGA,2018,3.97E+11
MKD2018,North Macedonia,MKD,2018,12683073866
MNP2018,Northern Mariana Islands,MNP,2018,1323000000
NOR2018,Norway,NOR,2018,4.34E+11
OMN2018,Oman,OMN,2018,79788768969
PAK2018,Pakistan,PAK,2018,3.15E+11
PLW2018,Palau,PLW,2018,280435700
PAN2018,Panama,PAN,2018,65128200000
PNG2018,Papua New Guinea,PNG,2018,24109509856
PRY2018,Paraguay,PRY,2018,40384691791
PER2018,Peru,PER,2018,2.22E+11
PHL2018,Philippines,PHL,2018,3.47E+11
POL2018,Poland,POL,2018,5.87E+11
PRT2018,Portugal,PRT,2018,2.42E+11
PRI2018,Puerto Rico,PRI,2018,1.01E+11
QAT2018,Qatar,QAT,2018,1.83E+11
ROU2018,Romania,ROU,2018,2.41E+11
RUS2018,Russian Federation,RUS,2018,1.67E+12
RWA2018,Rwanda,RWA,2018,9635951160
WSM2018,Samoa,WSM,2018,821496064.5
SMR2018,San Marino,SMR,2018,1655300873
STP2018,Sao Tome and Principe,STP,2018,412261829.6
SAU2018,Saudi Arabia,SAU,2018,7.87E+11
SEN2018,Senegal,SEN,2018,23236007428
SRB2018,Serbia,SRB,2018,50640650221
SYC2018,Seychelles,SYC,2018,1586009000
SLE2018,Sierra Leone,SLE,2018,4085114794
SGP2018,Singapore,SGP,2018,3.73E+11
SXM2018,Sint Maarten (Dutch part),SXM,2018,1185474860
SVK2018,Slovak Republic,SVK,2018,1.06E+11
SVN2018,Slovenia,SVN,2018,54161636035
SLB2018,Solomon Islands,SLB,2018,1593964162
SOM2018,Somalia,SOM,2018,0
ZAF2018,South Africa,ZAF,2018,3.68E+11
SSD2018,South Sudan,SSD,2018,0
ESP2018,Spain,ESP,2018,1.42E+12
LKA2018,Sri Lanka,LKA,2018,88425889592
KNA2018,St. Kitts and Nevis,KNA,2018,1010822222
LCA2018,St. Lucia,LCA,2018,2065875074
MAF2018,St. Martin (French part),MAF,2018,0
VCT2018,St. Vincent and the Grenadines,VCT,2018,811300000
SDN2018,Sudan,SDN,2018,33128480499
SUR2018,Suriname,SUR,2018,3464656616
SWE2018,Sweden,SWE,2018,5.55E+11
CHE2018,Switzerland,CHE,2018,7.05E+11
SYR2018,Syrian Arab Republic,SYR,2018,0
TJK2018,Tajikistan,TJK,2018,7522947810
TZA2018,Tanzania,TZA,2018,58001200572
THA2018,Thailand,THA,2018,5.07E+11
TLS2018,Timor-Leste,TLS,2018,1559894900
TGO2018,Togo,TGO,2018,5364369026
TON2018,Tonga,TON,2018,489235527.4
TTO2018,Trinidad and Tobago,TTO,2018,23808146748
TUN2018,Tunisia,TUN,2018,39770297329
TUR2018,Turkey,TUR,2018,7.78E+11
TKM2018,Turkmenistan,TKM,2018,40761142857
TCA2018,Turks and Caicos Islands,TCA,2018,1113178000
TUV2018,Tuvalu,TUV,2018,42588164.97
UGA2018,Uganda,UGA,2018,32916147253
UKR2018,Ukraine,UKR,2018,1.31E+11
ARE2018,United Arab Emirates,ARE,2018,4.22E+11
GBR2018,United Kingdom,GBR,2018,2.86E+12
USA2018,United States,USA,2018,2.06E+13
URY2018,Uruguay,URY,2018,59596885024
UZB2018,Uzbekistan,UZB,2018,50392607758
VUT2018,Vanuatu,VUT,2018,914700508.2
VEN2018,"Venezuela, RB",VEN,2018,0
VNM2018,Vietnam,VNM,2018,2.45E+11
VIR2018,Virgin Islands (U.S.),VIR,2018,0
PSE2018,West Bank and Gaza,PSE,2018,16276600000
YEM2018,"Yemen, Rep.",YEM,2018,23486270352
ZMB2018,Zambia,ZMB,2018,26312140829
ZWE2018,Zimbabwe,ZWE,2018,24311560500
ARB2018,Arab World,ARB,2018,2.77E+12
CSS2018,Caribbean small states,CSS,2018,74967267520
CEB2018,Central Europe and the Baltics,CEB,2018,1.64E+12
EAR2018,Early-demographic dividend,EAR,2018,1.16E+13
EAS2018,East Asia & Pacific,EAS,2018,2.64E+13
EAP2018,East Asia & Pacific (excluding high income),EAP,2018,1.66E+13
TEA2018,East Asia & Pacific (IDA & IBRD countries),TEA,2018,1.66E+13
EMU2018,Euro area,EMU,2018,1.37E+13
ECS2018,Europe & Central Asia,ECS,2018,2.31E+13
ECA2018,Europe & Central Asia (excluding high income),ECA,2018,3.19E+12
TEC2018,Europe & Central Asia (IDA & IBRD countries),TEC,2018,4.08E+12
EUU2018,European Union,EUU,2018,1.60E+13
FCS2018,Fragile and conflict affected situations,FCS,2018,1.70E+12
HPC2018,Heavily indebted poor countries (HIPC),HPC,2018,7.59E+11
HIC2018,High income,HIC,2018,5.47E+13
IBD2018,IBRD only,IBD,2018,3.08E+13
IBT2018,IDA & IBRD total,IBT,2018,3.30E+13
IDB2018,IDA blend,IDB,2018,9.64E+11
IDX2018,IDA only,IDX,2018,1.27E+12
IDA2018,IDA total,IDA,2018,2.23E+12
LTE2018,Late-demographic dividend,LTE,2018,2.25E+13
LCN2018,Latin America & Caribbean,LCN,2018,5.82E+12
LAC2018,Latin America & Caribbean (excluding high income),LAC,2018,5.23E+12
TLA2018,Latin America & the Caribbean (IDA & IBRD countries),TLA,2018,5.58E+12
LDC2018,Least developed countries: UN classification,LDC,2018,1.07E+12
LMY2018,Low & middle income,LMY,2018,3.18E+13
LIC2018,Low income,LIC,2018,5.18E+11
LMC2018,Lower middle income,LMC,2018,6.01E+12
MEA2018,Middle East & North Africa,MEA,2018,3.57E+12
MNA2018,Middle East & North Africa (excluding high income),MNA,2018,1.52E+12
TMN2018,Middle East & North Africa (IDA & IBRD countries),TMN,2018,1.50E+12
MIC2018,Middle income,MIC,2018,3.13E+13
NAC2018,North America,NAC,2018,2.23E+13
OED2018,OECD members,OED,2018,5.32E+13
OSS2018,Other small states,OSS,2018,4.42E+11
PSS2018,Pacific island small states,PSS,2018,10667782838
PST2018,Post-demographic dividend,PST,2018,5.03E+13
PRE2018,Pre-demographic dividend,PRE,2018,1.34E+12
SST2018,Small states,SST,2018,5.28E+11
SAS2018,South Asia,SAS,2018,3.45E+12
TSA2018,South Asia (IDA & IBRD),TSA,2018,3.45E+12
SSF2018,Sub-Saharan Africa,SSF,2018,1.72E+12
SSA2018,Sub-Saharan Africa (excluding high income),SSA,2018,1.71E+12
TSS2018,Sub-Saharan Africa (IDA & IBRD countries),TSS,2018,1.72E+12
UMC2018,Upper middle income,UMC,2018,2.53E+13
WLD2018,World,WLD,2018,8.64E+13
AFG2019,Afghanistan,AFG,2019,19291104008
ALB2019,Albania,ALB,2019,15279183290
DZA2019,Algeria,DZA,2019,1.71E+11
ASM2019,American Samoa,ASM,2019,0
AND2019,Andorra,AND,2019,3154057987
AGO2019,Angola,AGO,2019,88815697793
ATG2019,Antigua and Barbuda,ATG,2019,1661962963
ARG2019,Argentina,ARG,2019,4.45E+11
ARM2019,Armenia,ARM,2019,13672802158
ABW2019,Aruba,ABW,2019,0
AUS2019,Australia,AUS,2019,1.40E+12
AUT2019,Austria,AUT,2019,4.45E+11
AZE2019,Azerbaijan,AZE,2019,48047647059
BHS2019,"Bahamas, The",BHS,2019,13578800000
BHR2019,Bahrain,BHR,2019,38574069149
BGD2019,Bangladesh,BGD,2019,3.03E+11
BRB2019,Barbados,BRB,2019,5209000000
BLR2019,Belarus,BLR,2019,63080457023
BEL2019,Belgium,BEL,2019,5.33E+11
BLZ2019,Belize,BLZ,2019,1879613600
BEN2019,Benin,BEN,2019,14390709095
BMU2019,Bermuda,BMU,2019,7484113000
BTN2019,Bhutan,BTN,2019,2530547158
BOL2019,Bolivia,BOL,2019,40895322844
BIH2019,Bosnia and Herzegovina,BIH,2019,20164193807
BWA2019,Botswana,BWA,2019,18340480936
BRA2019,Brazil,BRA,2019,1.84E+12
VGB2019,British Virgin Islands,VGB,2019,0
BRN2019,Brunei Darussalam,BRN,2019,13469422959
BGR2019,Bulgaria,BGR,2019,68558815112
BFA2019,Burkina Faso,BFA,2019,15990803570
BDI2019,Burundi,BDI,2019,3012334882
CPV2019,Cabo Verde,CPV,2019,1981845740
KHM2019,Cambodia,KHM,2019,27089389787
CMR2019,Cameroon,CMR,2019,39007354359
CAN2019,Canada,CAN,2019,1.74E+12
CYM2019,Cayman Islands,CYM,2019,0
CAF2019,Central African Republic,CAF,2019,2220307369
TCD2019,Chad,TCD,2019,11314951343
CHI2019,Channel Islands,CHI,2019,0
CHL2019,Chile,CHL,2019,2.82E+11
CHN2019,China,CHN,2019,1.43E+13
COL2019,Colombia,COL,2019,3.24E+11
COM2019,Comoros,COM,2019,1165839927
COD2019,"Congo, Dem. Rep.",COD,2019,50400746171
COG2019,"Congo, Rep.",COG,2019,12267392147
CRI2019,Costa Rica,CRI,2019,61801385049
CIV2019,Cote d'Ivoire,CIV,2019,58539424930
HRV2019,Croatia,HRV,2019,60752588976
CUB2019,Cuba,CUB,2019,0
CUW2019,Curacao,CUW,2019,3101787709
CYP2019,Cyprus,CYP,2019,24948935408
CZE2019,Czech Republic,CZE,2019,2.51E+11
DNK2019,Denmark,DNK,2019,3.50E+11
DJI2019,Djibouti,DJI,2019,3324634256
DMA2019,Dominica,DMA,2019,582403703.7
DOM2019,Dominican Republic,DOM,2019,88941299734
ECU2019,Ecuador,ECU,2019,1.07E+11
EGY2019,"Egypt, Arab Rep.",EGY,2019,3.03E+11
SLV2019,El Salvador,SLV,2019,27022640000
GNQ2019,Equatorial Guinea,GNQ,2019,11026774945
ERI2019,Eritrea,ERI,2019,0
EST2019,Estonia,EST,2019,31471100656
SWZ2019,Eswatini,SWZ,2019,4471598727
ETH2019,Ethiopia,ETH,2019,95912590628
FRO2019,Faroe Islands,FRO,2019,0
FJI2019,Fiji,FJI,2019,5496250694
FIN2019,Finland,FIN,2019,2.69E+11
FRA2019,France,FRA,2019,2.72E+12
PYF2019,French Polynesia,PYF,2019,0
GAB2019,Gabon,GAB,2019,16874450215
GMB2019,"Gambia, The",GMB,2019,1826073740
GEO2019,Georgia,GEO,2019,17477255546
DEU2019,Germany,DEU,2019,3.86E+12
GHA2019,Ghana,GHA,2019,66983634224
GIB2019,Gibraltar,GIB,2019,0
GRC2019,Greece,GRC,2019,2.10E+11
GRL2019,Greenland,GRL,2019,0
GRD2019,Grenada,GRD,2019,1210603704
GUM2019,Guam,GUM,2019,0
GTM2019,Guatemala,GTM,2019,76710355347
GIN2019,Guinea,GIN,2019,12296665331
GNB2019,Guinea-Bissau,GNB,2019,1339449165
GUY2019,Guyana,GUY,2019,5173759528
HTI2019,Haiti,HTI,2019,14332163266
HND2019,Honduras,HND,2019,25095395475
HKG2019,"Hong Kong SAR, China",HKG,2019,3.66E+11
HUN2019,Hungary,HUN,2019,1.63E+11
ISL2019,Iceland,ISL,2019,24188038474
IND2019,India,IND,2019,2.87E+12
IDN2019,Indonesia,IDN,2019,1.12E+12
IRN2019,"Iran, Islamic Rep.",IRN,2019,0
IRQ2019,Iraq,IRQ,2019,2.34E+11
IRL2019,Ireland,IRL,2019,3.89E+11
IMN2019,Isle of Man,IMN,2019,0
ISR2019,Israel,ISR,2019,3.95E+11
ITA2019,Italy,ITA,2019,2.00E+12
JAM2019,Jamaica,JAM,2019,16458071068
JPN2019,Japan,JPN,2019,5.08E+12
JOR2019,Jordan,JOR,2019,44502895862
KAZ2019,Kazakhstan,KAZ,2019,1.82E+11
KEN2019,Kenya,KEN,2019,95503088538
KIR2019,Kiribati,KIR,2019,194647201.9
PRK2019,"Korea, Dem. People’s Rep.",PRK,2019,0
KOR2019,"Korea, Rep.",KOR,2019,1.65E+12
XKX2019,Kosovo,XKX,2019,7926133714
KWT2019,Kuwait,KWT,2019,1.35E+11
KGZ2019,Kyrgyz Republic,KGZ,2019,8454619608
LAO2019,Lao PDR,LAO,2019,18173839147
LVA2019,Latvia,LVA,2019,34102913582
LBN2019,Lebanon,LBN,2019,51991634492
LSO2019,Lesotho,LSO,2019,2376328637
LBR2019,Liberia,LBR,2019,3070518100
LBY2019,Libya,LBY,2019,52091152228
LIE2019,Liechtenstein,LIE,2019,0
LTU2019,Lithuania,LTU,2019,54627411860
LUX2019,Luxembourg,LUX,2019,71104919108
MAC2019,"Macao SAR, China",MAC,2019,53859116536
MDG2019,Madagascar,MDG,2019,14114631281
MWI2019,Malawi,MWI,2019,7666704427
MYS2019,Malaysia,MYS,2019,3.65E+11
MDV2019,Maldives,MDV,2019,5642179170
MLI2019,Mali,MLI,2019,17279566719
MLT2019,Malta,MLT,2019,14989415684
MHL2019,Marshall Islands,MHL,2019,0
MRT2019,Mauritania,MRT,2019,7600656944
MUS2019,Mauritius,MUS,2019,14048430519
MEX2019,Mexico,MEX,2019,1.27E+12
FSM2019,"Micronesia, Fed. Sts.",FSM,2019,0
MDA2019,Moldova,MDA,2019,11968713370
MCO2019,Monaco,MCO,2019,0
MNG2019,Mongolia,MNG,2019,13996719329
MNE2019,Montenegro,MNE,2019,5542577965
Mar-19,Morocco,MAR,2019,1.20E+11
MOZ2019,Mozambique,MOZ,2019,15291448212
MMR2019,Myanmar,MMR,2019,76085852617
NAM2019,Namibia,NAM,2019,12366528259
NRU2019,Nauru,NRU,2019,118223430.1
NPL2019,Nepal,NPL,2019,30641380604
NLD2019,Netherlands,NLD,2019,9.07E+11
NCL2019,New Caledonia,NCL,2019,0
NZL2019,New Zealand,NZL,2019,2.07E+11
NIC2019,Nicaragua,NIC,2019,12520915291
NER2019,Niger,NER,2019,12911689659
NGA2019,Nigeria,NGA,2019,4.48E+11
MKD2019,North Macedonia,MKD,2019,12547040499
MNP2019,Northern Mariana Islands,MNP,2019,0
NOR2019,Norway,NOR,2019,4.03E+11
OMN2019,Oman,OMN,2019,76331518669
PAK2019,Pakistan,PAK,2019,2.78E+11
PLW2019,Palau,PLW,2019,268354919.4
PAN2019,Panama,PAN,2019,66800800000
PNG2019,Papua New Guinea,PNG,2019,24829107011
PRY2019,Paraguay,PRY,2019,38145288940
PER2019,Peru,PER,2019,2.27E+11
PHL2019,Philippines,PHL,2019,3.77E+11
POL2019,Poland,POL,2019,5.96E+11
PRT2019,Portugal,PRT,2019,2.39E+11
PRI2019,Puerto Rico,PRI,2019,1.05E+11
QAT2019,Qatar,QAT,2019,1.76E+11
ROU2019,Romania,ROU,2019,2.50E+11
RUS2019,Russian Federation,RUS,2019,1.70E+12
RWA2019,Rwanda,RWA,2019,10354417725
WSM2019,Samoa,WSM,2019,852250191
SMR2019,San Marino,SMR,2019,0
STP2019,Sao Tome and Principe,STP,2019,418637389
SAU2019,Saudi Arabia,SAU,2019,7.93E+11
SEN2019,Senegal,SEN,2019,23578084052
SRB2019,Serbia,SRB,2019,51475016532
SYC2019,Seychelles,SYC,2019,1703387387
SLE2019,Sierra Leone,SLE,2019,4121733705
SGP2019,Singapore,SGP,2019,3.72E+11
SXM2019,Sint Maarten (Dutch part),SXM,2019,0
SVK2019,Slovak Republic,SVK,2019,1.05E+11
SVN2019,Slovenia,SVN,2019,54174227309
SLB2019,Solomon Islands,SLB,2019,1589913622
SOM2019,Somalia,SOM,2019,0
ZAF2019,South Africa,ZAF,2019,3.51E+11
SSD2019,South Sudan,SSD,2019,0
ESP2019,Spain,ESP,2019,1.39E+12
LKA2019,Sri Lanka,LKA,2019,84008783756
KNA2019,St. Kitts and Nevis,KNA,2019,1053244444
LCA2019,St. Lucia,LCA,2019,2122450630
MAF2019,St. Martin (French part),MAF,2019,0
VCT2019,St. Vincent and the Grenadines,VCT,2019,824718518.5
SDN2019,Sudan,SDN,2019,30513456085
SUR2019,Suriname,SUR,2019,3697371950
SWE2019,Sweden,SWE,2019,5.31E+11
CHE2019,Switzerland,CHE,2019,7.03E+11
SYR2019,Syrian Arab Republic,SYR,2019,0
TJK2019,Tajikistan,TJK,2019,8116626794
TZA2019,Tanzania,TZA,2019,63177068175
THA2019,Thailand,THA,2019,5.44E+11
TLS2019,Timor-Leste,TLS,2019,2017924900
TGO2019,Togo,TGO,2019,5490272413
TON2019,Tonga,TON,2019,512350059.4
TTO2019,Trinidad and Tobago,TTO,2019,24269714810
TUN2019,Tunisia,TUN,2019,38796687568
TUR2019,Turkey,TUR,2019,7.61E+11
TKM2019,Turkmenistan,TKM,2019,0
TCA2019,Turks and Caicos Islands,TCA,2019,1197415000
TUV2019,Tuvalu,TUV,2019,47271463.33
UGA2019,Uganda,UGA,2019,35165157017
UKR2019,Ukraine,UKR,2019,1.54E+11
ARE2019,United Arab Emirates,ARE,2019,4.21E+11
GBR2019,United Kingdom,GBR,2019,2.83E+12
USA2019,United States,USA,2019,2.14E+13
URY2019,Uruguay,URY,2019,56045912953
UZB2019,Uzbekistan,UZB,2019,57921286440
VUT2019,Vanuatu,VUT,2019,934239973.8
VEN2019,"Venezuela, RB",VEN,2019,0
VNM2019,Vietnam,VNM,2019,2.62E+11
VIR2019,Virgin Islands (U.S.),VIR,2019,0
PSE2019,West Bank and Gaza,PSE,2019,0
YEM2019,"Yemen, Rep.",YEM,2019,22581081994
ZMB2019,Zambia,ZMB,2019,23309773923
ZWE2019,Zimbabwe,ZWE,2019,21440758800
ARB2019,Arab World,ARB,2019,2.82E+12
CSS2019,Caribbean small states,CSS,2019,77721714918
CEB2019,Central Europe and the Baltics,CEB,2019,1.67E+12
EAR2019,Early-demographic dividend,EAR,2019,1.20E+13
EAS2019,East Asia & Pacific,EAS,2019,2.70E+13
EAP2019,East Asia & Pacific (excluding high income),EAP,2019,1.72E+13
TEA2019,East Asia & Pacific (IDA & IBRD countries),TEA,2019,1.72E+13
EMU2019,Euro area,EMU,2019,1.34E+13
ECS2019,Europe & Central Asia,ECS,2019,2.28E+13
ECA2019,Europe & Central Asia (excluding high income),ECA,2019,3.25E+12
TEC2019,Europe & Central Asia (IDA & IBRD countries),TEC,2019,4.16E+12
EUU2019,European Union,EUU,2019,1.56E+13
FCS2019,Fragile and conflict affected situations,FCS,2019,1.78E+12
HPC2019,Heavily indebted poor countries (HIPC),HPC,2019,7.83E+11
HIC2019,High income,HIC,2019,5.51E+13
IBD2019,IBRD only,IBD,2019,3.16E+13
IBT2019,IDA & IBRD total,IBT,2019,3.39E+13
IDB2019,IDA blend,IDB,2019,9.92E+11
IDX2019,IDA only,IDX,2019,1.33E+12
IDA2019,IDA total,IDA,2019,2.32E+12
LTE2019,Late-demographic dividend,LTE,2019,2.30E+13
LCN2019,Latin America & Caribbean,LCN,2019,5.73E+12
LAC2019,Latin America & Caribbean (excluding high income),LAC,2019,5.15E+12
TLA2019,Latin America & the Caribbean (IDA & IBRD countries),TLA,2019,5.49E+12
LDC2019,Least developed countries: UN classification,LDC,2019,1.12E+12
LMY2019,Low & middle income,LMY,2019,3.27E+13
LIC2019,Low income,LIC,2019,5.42E+11
LMC2019,Lower middle income,LMC,2019,6.33E+12
MEA2019,Middle East & North Africa,MEA,2019,3.65E+12
MNA2019,Middle East & North Africa (excluding high income),MNA,2019,0
TMN2019,Middle East & North Africa (IDA & IBRD countries),TMN,2019,0
MIC2019,Middle income,MIC,2019,3.22E+13
NAC2019,North America,NAC,2019,2.32E+13
OED2019,OECD members,OED,2019,5.37E+13
OSS2019,Other small states,OSS,2019,4.32E+11
PSS2019,Pacific island small states,PSS,2019,10634784073
PST2019,Post-demographic dividend,PST,2019,5.08E+13
PRE2019,Pre-demographic dividend,PRE,2019,1.40E+12
SST2019,Small states,SST,2019,5.20E+11
SAS2019,South Asia,SAS,2019,3.59E+12
TSA2019,South Asia (IDA & IBRD),TSA,2019,3.59E+12
SSF2019,Sub-Saharan Africa,SSF,2019,1.77E+12
SSA2019,Sub-Saharan Africa (excluding high income),SSA,2019,1.75E+12
TSS2019,Sub-Saharan Africa (IDA & IBRD countries),TSS,2019,1.77E+12
UMC2019,Upper middle income,UMC,2019,2.58E+13
WLD2019,World,WLD,2019,8.78E+13
