Country Name,Country Code,Series Name,Series Code,2015 [YR2015],2016 [YR2016],2017 [YR2017],2018 [YR2018],2019 [YR2019]
Afghanistan,AFG,GDP (current US$),NY.GDP.MKTP.CD,19907111419,18017749074,18869945678,18353881130,19291104008
Albania,ALB,GDP (current US$),NY.GDP.MKTP.CD,11386846319,11861200797,13019693451,15147020535,15279183290
Algeria,DZA,GDP (current US$),NY.GDP.MKTP.CD,1.66361E+11,1.59995E+11,1.70163E+11,1.75406E+11,1.71091E+11
American Samoa,ASM,GDP (current US$),NY.GDP.MKTP.CD,661000000,652000000,602000000,636000000,..
Andorra,AND,GDP (current US$),NY.GDP.MKTP.CD,2789870188,2896679212,3000180750,3218316013,3154057987
Angola,AGO,GDP (current US$),NY.GDP.MKTP.CD,1.16194E+11,1.01124E+11,1.22124E+11,1.01353E+11,88815697793
Antigua and Barbuda,ATG,GDP (current US$),NY.GDP.MKTP.CD,1336692593,1436585185,1467977778,1605351852,1661962963
Argentina,ARG,GDP (current US$),NY.GDP.MKTP.CD,5.94749E+11,5.57531E+11,6.43629E+11,5.17627E+11,4.45445E+11
Armenia,ARM,GDP (current US$),NY.GDP.MKTP.CD,10553337673,10546135160,11527458566,12457941907,13672802158
Aruba,ABW,GDP (current US$),NY.GDP.MKTP.CD,2919553073,2965921788,3056424581,..,..
Australia,AUS,GDP (current US$),NY.GDP.MKTP.CD,1.35169E+12,1.20885E+12,1.32919E+12,1.43288E+12,1.39657E+12
Austria,AUT,GDP (current US$),NY.GDP.MKTP.CD,3.81818E+11,3.95569E+11,4.17238E+11,4.55095E+11,4.45075E+11
Azerbaijan,AZE,GDP (current US$),NY.GDP.MKTP.CD,53074370486,37867518957,40865558912,47112941176,48047647059
"Bahamas, The",BHS,GDP (current US$),NY.GDP.MKTP.CD,11710800000,11928500000,12490700000,13022100000,13578800000
Bahrain,BHR,GDP (current US$),NY.GDP.MKTP.CD,31050638298,32234973404,35473776596,37652500000,38574069149
Bangladesh,BGD,GDP (current US$),NY.GDP.MKTP.CD,1.95079E+11,2.21415E+11,2.49711E+11,2.74039E+11,3.02571E+11
Barbados,BRB,GDP (current US$),NY.GDP.MKTP.CD,4715000000,4830000000,4978000000,5086500000,5209000000
Belarus,BLR,GDP (current US$),NY.GDP.MKTP.CD,56454734397,47722657821,54726595249,60031262269,63080457023
Belgium,BEL,GDP (current US$),NY.GDP.MKTP.CD,4.6215E+11,4.7574E+11,5.02698E+11,5.43734E+11,5.33097E+11
Belize,BLZ,GDP (current US$),NY.GDP.MKTP.CD,1723800000,1775100000,1836600000,1871200000,1879613600
Benin,BEN,GDP (current US$),NY.GDP.MKTP.CD,11388160958,11821066153,12701656931,14250985959,14390709095
Bermuda,BMU,GDP (current US$),NY.GDP.MKTP.CD,6654541000,6899911000,7142316000,7224329000,7484113000
Bhutan,BTN,GDP (current US$),NY.GDP.MKTP.CD,2003598213,2158972129,2450364928,2446866405,2530547158
Bolivia,BOL,GDP (current US$),NY.GDP.MKTP.CD,33000198248,33941126200,37508642165,40287647930,40895322844
Bosnia and Herzegovina,BIH,GDP (current US$),NY.GDP.MKTP.CD,16211541820,16913330694,18080118128,20183510561,20164193807
Botswana,BWA,GDP (current US$),NY.GDP.MKTP.CD,14420593484,15646354089,17405588070,18663265549,18340480936
Brazil,BRA,GDP (current US$),NY.GDP.MKTP.CD,1.80221E+12,1.7957E+12,2.06283E+12,1.88548E+12,1.83976E+12
British Virgin Islands,VGB,GDP (current US$),NY.GDP.MKTP.CD,..,..,..,..,..
Brunei Darussalam,BRN,GDP (current US$),NY.GDP.MKTP.CD,12930394938,11400854268,12128104859,13567351175,13469422959
Bulgaria,BGR,GDP (current US$),NY.GDP.MKTP.CD,50647442757,53806894796,58971520599,66230155100,68558815112
Burkina Faso,BFA,GDP (current US$),NY.GDP.MKTP.CD,11832159276,12833363370,14106956830,16059910871,15990803570
Burundi,BDI,GDP (current US$),NY.GDP.MKTP.CD,3104394858,2959640987,3172292379,3036931818,3012334882
Cabo Verde,CPV,GDP (current US$),NY.GDP.MKTP.CD,1596800287,1662998678,1769787215,1966983317,1981845740
Cambodia,KHM,GDP (current US$),NY.GDP.MKTP.CD,18049954289,20016747754,22177200512,24571753583,27089389787
Cameroon,CMR,GDP (current US$),NY.GDP.MKTP.CD,30928653814,32643697596,35009262788,38694156863,39007354359
Canada,CAN,GDP (current US$),NY.GDP.MKTP.CD,1.55613E+12,1.52824E+12,1.64988E+12,1.71626E+12,1.73643E+12
Cayman Islands,CYM,GDP (current US$),NY.GDP.MKTP.CD,4708336756,4909498943,5153091158,5517361238,..
Central African Republic,CAF,GDP (current US$),NY.GDP.MKTP.CD,1695825708,1825018191,2072350151,2220978978,2220307369
Chad,TCD,GDP (current US$),NY.GDP.MKTP.CD,10950392220,10097778354,10000395242,11239167048,11314951343
Channel Islands,CHI,GDP (current US$),NY.GDP.MKTP.CD,..,..,..,..,..
Chile,CHL,GDP (current US$),NY.GDP.MKTP.CD,2.43919E+11,2.5044E+11,2.77045E+11,2.98258E+11,2.82318E+11
China,CHN,GDP (current US$),NY.GDP.MKTP.CD,1.10616E+13,1.12333E+13,1.23104E+13,1.38948E+13,1.43429E+13
Colombia,COL,GDP (current US$),NY.GDP.MKTP.CD,2.93482E+11,2.82825E+11,3.11884E+11,3.33569E+11,3.23616E+11
Comoros,COM,GDP (current US$),NY.GDP.MKTP.CD,966029542,1012835518,1077439663,1178530758,1165839927
"Congo, Dem. Rep.",COD,GDP (current US$),NY.GDP.MKTP.CD,37917704900,37134799975,38019265626,46831342213,50400746171
"Congo, Rep.",COG,GDP (current US$),NY.GDP.MKTP.CD,11953249530,10335424288,11198674674,13518403447,12267392147
Costa Rica,CRI,GDP (current US$),NY.GDP.MKTP.CD,54775994479,57157992434,58481858043,60553901420,61801385049
Cote d'Ivoire,CIV,GDP (current US$),NY.GDP.MKTP.CD,45814637971,47964234560,51588158718,58011466451,58539424930
Croatia,HRV,GDP (current US$),NY.GDP.MKTP.CD,49525747504,51601147666,55481644098,61375222347,60752588976
Cuba,CUB,GDP (current US$),NY.GDP.MKTP.CD,87133000000,91370000000,96851000000,1.00023E+11,..
Curacao,CUW,GDP (current US$),NY.GDP.MKTP.CD,3151910782,3122287933,3116610112,3127908045,3101787709
Cyprus,CYP,GDP (current US$),NY.GDP.MKTP.CD,19842404305,20953442550,22729184365,25309818139,24948935408
Czech Republic,CZE,GDP (current US$),NY.GDP.MKTP.CD,1.88033E+11,1.96272E+11,2.18629E+11,2.48909E+11,2.50681E+11
Denmark,DNK,GDP (current US$),NY.GDP.MKTP.CD,3.02673E+11,3.13116E+11,3.32121E+11,3.56879E+11,3.50104E+11
Djibouti,DJI,GDP (current US$),NY.GDP.MKTP.CD,2430287967,2603554907,2751461056,3012820410,3324634256
Dominica,DMA,GDP (current US$),NY.GDP.MKTP.CD,540737037,576229629.6,519837037,551074074.1,582403703.7
Dominican Republic,DOM,GDP (current US$),NY.GDP.MKTP.CD,71164825258,75704720190,79997975623,85555378044,88941299734
Ecuador,ECU,GDP (current US$),NY.GDP.MKTP.CD,99290381000,99937696000,1.04296E+11,1.07562E+11,1.07436E+11
"Egypt, Arab Rep.",EGY,GDP (current US$),NY.GDP.MKTP.CD,3.29367E+11,3.32442E+11,2.35734E+11,2.49713E+11,3.03092E+11
El Salvador,SLV,GDP (current US$),NY.GDP.MKTP.CD,23438240000,24191440000,24979200000,26117400000,27022640000
Equatorial Guinea,GNQ,GDP (current US$),NY.GDP.MKTP.CD,13185496836,11240809132,12200914930,13278488567,11026774945
Eritrea,ERI,GDP (current US$),NY.GDP.MKTP.CD,..,..,..,..,..
Estonia,EST,GDP (current US$),NY.GDP.MKTP.CD,23048864243,24259552889,26951648829,30631142227,31471100656
Eswatini,SWZ,GDP (current US$),NY.GDP.MKTP.CD,4062660890,3816018485,4402973000,4665424249,4471598727
Ethiopia,ETH,GDP (current US$),NY.GDP.MKTP.CD,64589334979,74296618481,81770791971,84269348327,95912590628
Faroe Islands,FRO,GDP (current US$),NY.GDP.MKTP.CD,2518096286,2738832687,2905102304,3116887847,..
Fiji,FJI,GDP (current US$),NY.GDP.MKTP.CD,4682546881,4930204220,5353404419,5581393121,5496250694
Finland,FIN,GDP (current US$),NY.GDP.MKTP.CD,2.3444E+11,2.40608E+11,2.55232E+11,2.75947E+11,2.69296E+11
France,FRA,GDP (current US$),NY.GDP.MKTP.CD,2.43821E+12,2.47129E+12,2.59515E+12,2.78786E+12,2.71552E+12
French Polynesia,PYF,GDP (current US$),NY.GDP.MKTP.CD,..,..,..,..,..
Gabon,GAB,GDP (current US$),NY.GDP.MKTP.CD,14383107714,14023890620,14929488771,16862282414,16874450215
"Gambia, The",GMB,GDP (current US$),NY.GDP.MKTP.CD,1378176868,1484579844,1504909753,1670670669,1826073740
Georgia,GEO,GDP (current US$),NY.GDP.MKTP.CD,14953950557,15141758567,16242916916,17599700091,17477255546
Germany,DEU,GDP (current US$),NY.GDP.MKTP.CD,3.35624E+12,3.4675E+12,3.6826E+12,3.96377E+12,3.86112E+12
Ghana,GHA,GDP (current US$),NY.GDP.MKTP.CD,48564863888,55009730600,58998132330,65556464048,66983634224
Gibraltar,GIB,GDP (current US$),NY.GDP.MKTP.CD,..,..,..,..,..
Greece,GRC,GDP (current US$),NY.GDP.MKTP.CD,1.96591E+11,1.95222E+11,2.03588E+11,2.18138E+11,2.09853E+11
Greenland,GRL,GDP (current US$),NY.GDP.MKTP.CD,2499115623,2707146783,2826651926,3051626390,..
Grenada,GRD,GDP (current US$),NY.GDP.MKTP.CD,997007925.9,1061631222,1125685185,1168696296,1210603704
Guam,GUM,GDP (current US$),NY.GDP.MKTP.CD,5710000000,5795000000,5851000000,5920000000,..
Guatemala,GTM,GDP (current US$),NY.GDP.MKTP.CD,62186186576,66053725049,71612352645,73118147941,76710355347
Guinea,GIN,GDP (current US$),NY.GDP.MKTP.CD,8794202444,8595955581,10324668267,10907214994,12296665331
Guinea-Bissau,GNB,GDP (current US$),NY.GDP.MKTP.CD,1048229629,1179004941,1350177128,1458868242,1339449165
Guyana,GUY,GDP (current US$),NY.GDP.MKTP.CD,4279840362,4482697337,4748174334,4787635821,5173759528
Haiti,HTI,GDP (current US$),NY.GDP.MKTP.CD,14857386164,13723267961,14213814583,15965670198,14332163266
Honduras,HND,GDP (current US$),NY.GDP.MKTP.CD,20979767785,21717622071,23136232230,24024189736,25095395475
"Hong Kong SAR, China",HKG,GDP (current US$),NY.GDP.MKTP.CD,3.09384E+11,3.20838E+11,3.41244E+11,3.61697E+11,3.65712E+11
Hungary,HUN,GDP (current US$),NY.GDP.MKTP.CD,1.25074E+11,1.28471E+11,1.42962E+11,1.60419E+11,1.63469E+11
Iceland,ISL,GDP (current US$),NY.GDP.MKTP.CD,17389101639,20618363252,24488176541,25737594324,24188038474
India,IND,GDP (current US$),NY.GDP.MKTP.CD,2.10359E+12,2.2948E+12,2.65275E+12,2.71317E+12,2.86893E+12
Indonesia,IDN,GDP (current US$),NY.GDP.MKTP.CD,8.60854E+11,9.31877E+11,1.01562E+12,1.04224E+12,1.11919E+12
"Iran, Islamic Rep.",IRN,GDP (current US$),NY.GDP.MKTP.CD,3.84951E+11,4.17984E+11,4.45345E+11,4.53996E+11,..
Iraq,IRQ,GDP (current US$),NY.GDP.MKTP.CD,1.77499E+11,1.74896E+11,1.95473E+11,2.24228E+11,2.34094E+11
Ireland,IRL,GDP (current US$),NY.GDP.MKTP.CD,2.915E+11,3.00523E+11,3.35663E+11,3.82674E+11,3.88699E+11
Isle of Man,IMN,GDP (current US$),NY.GDP.MKTP.CD,7085288006,6846691871,6979581725,7491969313,..
Israel,ISR,GDP (current US$),NY.GDP.MKTP.CD,2.99813E+11,3.18951E+11,3.53253E+11,3.70588E+11,3.94652E+11
Italy,ITA,GDP (current US$),NY.GDP.MKTP.CD,1.8359E+12,1.8758E+12,1.9618E+12,2.09154E+12,2.00358E+12
Jamaica,JAM,GDP (current US$),NY.GDP.MKTP.CD,14187696311,14075894320,14806340821,15713908816,16458071068
Japan,JPN,GDP (current US$),NY.GDP.MKTP.CD,4.38948E+12,4.92254E+12,4.86686E+12,4.95481E+12,5.08177E+12
Jordan,JOR,GDP (current US$),NY.GDP.MKTP.CD,38587017944,39892551149,41408960787,42932112676,44502895862
Kazakhstan,KAZ,GDP (current US$),NY.GDP.MKTP.CD,1.84388E+11,1.37278E+11,1.66806E+11,1.7934E+11,1.81666E+11
Kenya,KEN,GDP (current US$),NY.GDP.MKTP.CD,64007750169,69188755364,78965004656,87778582964,95503088538
Kiribati,KIR,GDP (current US$),NY.GDP.MKTP.CD,171117872.4,178328873,187276210.9,196737896,194647201.9
"Korea, Dem. People’s Rep.",PRK,GDP (current US$),NY.GDP.MKTP.CD,..,..,..,..,..
"Korea, Rep.",KOR,GDP (current US$),NY.GDP.MKTP.CD,1.46577E+12,1.50011E+12,1.6239E+12,1.72485E+12,1.64674E+12
Kosovo,XKX,GDP (current US$),NY.GDP.MKTP.CD,6442915788,6719172017,7245707185,7942961738,7926133714
Kuwait,KWT,GDP (current US$),NY.GDP.MKTP.CD,1.14567E+11,1.0942E+11,1.20707E+11,1.40645E+11,1.34629E+11
Kyrgyz Republic,KGZ,GDP (current US$),NY.GDP.MKTP.CD,6678178340,6813092066,7702934800,8271108638,8454619608
Lao PDR,LAO,GDP (current US$),NY.GDP.MKTP.CD,14390442307,15805692546,16853087485,17953786416,18173839147
Latvia,LVA,GDP (current US$),NY.GDP.MKTP.CD,27239653844,28052325862,30458763246,34416012859,34102913582
Lebanon,LBN,GDP (current US$),NY.GDP.MKTP.CD,49939374833,51205122504,53140638269,54961275742,51991634492
Lesotho,LSO,GDP (current US$),NY.GDP.MKTP.CD,2372280103,2165408359,2405289384,2575892262,2376328637
Liberia,LBR,GDP (current US$),NY.GDP.MKTP.CD,3177000000,3277826000,3285455000,3264000000,3070518100
Libya,LBY,GDP (current US$),NY.GDP.MKTP.CD,27842131480,26197143268,37883243650,52607888718,52091152228
Liechtenstein,LIE,GDP (current US$),NY.GDP.MKTP.CD,6268391521,6237264055,6552858739,6876981286,..
Lithuania,LTU,GDP (current US$),NY.GDP.MKTP.CD,41418872976,43018087238,47758736932,53722883091,54627411860
Luxembourg,LUX,GDP (current US$),NY.GDP.MKTP.CD,57744457955,60691483443,64181944723,70919958016,71104919108
"Macao SAR, China",MAC,GDP (current US$),NY.GDP.MKTP.CD,45361678147,45387299721,50751059058,55084050790,53859116536
Madagascar,MDG,GDP (current US$),NY.GDP.MKTP.CD,11323023787,11848615018,13176313233,13853433948,14114631281
Malawi,MWI,GDP (current US$),NY.GDP.MKTP.CD,6373212641,5433040160,6303292264,6917301909,7666704427
Malaysia,MYS,GDP (current US$),NY.GDP.MKTP.CD,3.01355E+11,3.01255E+11,3.19112E+11,3.58715E+11,3.64681E+11
Maldives,MDV,GDP (current US$),NY.GDP.MKTP.CD,4109447297,4379115588,4754352301,5299773145,5642179170
Mali,MLI,GDP (current US$),NY.GDP.MKTP.CD,13104802016,14025944550,15365627045,17070758732,17279566719
Malta,MLT,GDP (current US$),NY.GDP.MKTP.CD,11091434435,11665231192,13146963159,14750790658,14989415684
Marshall Islands,MHL,GDP (current US$),NY.GDP.MKTP.CD,184599600,200558400,212881000,221278000,..
Mauritania,MRT,GDP (current US$),NY.GDP.MKTP.CD,6166857629,6398744505,6758390729,7049169771,7600656944
Mauritius,MUS,GDP (current US$),NY.GDP.MKTP.CD,11692287066,12232463656,13259351418,14181951059,14048430519
Mexico,MEX,GDP (current US$),NY.GDP.MKTP.CD,1.17187E+12,1.07849E+12,1.15891E+12,1.22235E+12,1.26887E+12
"Micronesia, Fed. Sts.",FSM,GDP (current US$),NY.GDP.MKTP.CD,316489900,332265200,366666800,401932300,..
Moldova,MDA,GDP (current US$),NY.GDP.MKTP.CD,7745231660,8071480541,9669759987,11456717193,11968713370
Monaco,MCO,GDP (current US$),NY.GDP.MKTP.CD,6261622101,6472990923,6431314957,7188238073,..
Mongolia,MNG,GDP (current US$),NY.GDP.MKTP.CD,11749620620,11186734674,11425755280,13108769496,13996719329
Montenegro,MNE,GDP (current US$),NY.GDP.MKTP.CD,4053097851,4373958354,4844606146,5504255214,5542577965
Morocco,MAR,GDP (current US$),NY.GDP.MKTP.CD,1.0118E+11,1.03312E+11,1.09683E+11,1.18096E+11,1.197E+11
Mozambique,MOZ,GDP (current US$),NY.GDP.MKTP.CD,15950969019,11936999283,13219084261,14845870051,15291448212
Myanmar,MMR,GDP (current US$),NY.GDP.MKTP.CD,67822772707,67184236747,68945867478,76168043982,76085852617
Namibia,NAM,GDP (current US$),NY.GDP.MKTP.CD,11272143473,10665634688,12741746524,13454211344,12366528259
Nauru,NRU,GDP (current US$),NY.GDP.MKTP.CD,86779266.16,100087349,109585941.6,124021393.7,118223430.1
Nepal,NPL,GDP (current US$),NY.GDP.MKTP.CD,21410840909,21185922408,25180583770,29173513476,30641380604
Netherlands,NLD,GDP (current US$),NY.GDP.MKTP.CD,7.65265E+11,7.83528E+11,8.3387E+11,9.14043E+11,9.07051E+11
New Caledonia,NCL,GDP (current US$),NY.GDP.MKTP.CD,..,..,..,..,..
New Zealand,NZL,GDP (current US$),NY.GDP.MKTP.CD,1.77468E+11,1.88224E+11,2.05416E+11,2.07921E+11,2.06929E+11
Nicaragua,NIC,GDP (current US$),NY.GDP.MKTP.CD,12756706583,13286083645,13785909906,13063904770,12520915291
Niger,NER,GDP (current US$),NY.GDP.MKTP.CD,9685577941,10355006770,11189541083,12846952857,12911689659
Nigeria,NGA,GDP (current US$),NY.GDP.MKTP.CD,4.86803E+11,4.0465E+11,3.75746E+11,3.9719E+11,4.4812E+11
North Macedonia,MKD,GDP (current US$),NY.GDP.MKTP.CD,10064515432,10672471861,11307058382,12683073866,12547040499
Northern Mariana Islands,MNP,GDP (current US$),NY.GDP.MKTP.CD,931000000,1250000000,1601000000,1323000000,..
Norway,NOR,GDP (current US$),NY.GDP.MKTP.CD,3.85802E+11,3.6882E+11,3.98394E+11,4.34167E+11,4.03336E+11
Oman,OMN,GDP (current US$),NY.GDP.MKTP.CD,68399663322,65480507171,70598026283,79788768969,76331518669
Pakistan,PAK,GDP (current US$),NY.GDP.MKTP.CD,2.70556E+11,2.78655E+11,3.04567E+11,3.14568E+11,2.78222E+11
Palau,PLW,GDP (current US$),NY.GDP.MKTP.CD,280457700,295065400,286106800,280435700,268354919.4
Panama,PAN,GDP (current US$),NY.GDP.MKTP.CD,54091700000,57907700000,62219000000,65128200000,66800800000
Papua New Guinea,PNG,GDP (current US$),NY.GDP.MKTP.CD,21723531182,20759069105,22742613549,24109509856,24829107011
Paraguay,PRY,GDP (current US$),NY.GDP.MKTP.CD,36164068797,36054281572,39008900332,40384691791,38145288940
Peru,PER,GDP (current US$),NY.GDP.MKTP.CD,1.89805E+11,1.91896E+11,2.11007E+11,2.22045E+11,2.26848E+11
Philippines,PHL,GDP (current US$),NY.GDP.MKTP.CD,3.06446E+11,3.18627E+11,3.28481E+11,3.46842E+11,3.76796E+11
Poland,POL,GDP (current US$),NY.GDP.MKTP.CD,4.77812E+11,4.7263E+11,5.26509E+11,5.87412E+11,5.95858E+11
Portugal,PRT,GDP (current US$),NY.GDP.MKTP.CD,1.99314E+11,2.06286E+11,2.21358E+11,2.42313E+11,2.38785E+11
Puerto Rico,PRI,GDP (current US$),NY.GDP.MKTP.CD,1.03376E+11,1.04337E+11,1.03446E+11,1.0098E+11,1.04989E+11
Qatar,QAT,GDP (current US$),NY.GDP.MKTP.CD,1.6174E+11,1.51732E+11,1.61099E+11,1.83335E+11,1.75838E+11
Romania,ROU,GDP (current US$),NY.GDP.MKTP.CD,1.77729E+11,1.88129E+11,2.11695E+11,2.41457E+11,2.50077E+11
Russian Federation,RUS,GDP (current US$),NY.GDP.MKTP.CD,1.36348E+12,1.27679E+12,1.5742E+12,1.66958E+12,1.69988E+12
Rwanda,RWA,GDP (current US$),NY.GDP.MKTP.CD,8545441361,8697268916,9253098954,9635951160,10354417725
Samoa,WSM,GDP (current US$),NY.GDP.MKTP.CD,788307330.6,799376439.5,832153612.6,821496064.5,852250191
San Marino,SMR,GDP (current US$),NY.GDP.MKTP.CD,1419394771,1468377272,1528630707,1655300873,..
Sao Tome and Principe,STP,GDP (current US$),NY.GDP.MKTP.CD,316065369.9,345495358.4,375614556.4,412261829.6,418637389
Saudi Arabia,SAU,GDP (current US$),NY.GDP.MKTP.CD,6.5427E+11,6.44936E+11,6.88586E+11,7.86522E+11,7.92967E+11
Senegal,SEN,GDP (current US$),NY.GDP.MKTP.CD,17774766636,19040312815,20996564752,23236007428,23578084052
Serbia,SRB,GDP (current US$),NY.GDP.MKTP.CD,39655958843,40692643373,44179055280,50640650221,51475016532
Seychelles,SYC,GDP (current US$),NY.GDP.MKTP.CD,1377495054,1426651769,1524486800,1586009000,1703387387
Sierra Leone,SLE,GDP (current US$),NY.GDP.MKTP.CD,4218723875,3674794530,3739577973,4085114794,4121733705
Singapore,SGP,GDP (current US$),NY.GDP.MKTP.CD,3.08004E+11,3.18652E+11,3.41863E+11,3.73217E+11,3.72063E+11
Sint Maarten (Dutch part),SXM,GDP (current US$),NY.GDP.MKTP.CD,1253072626,1263687151,1191620112,1185474860,..
Slovak Republic,SVK,GDP (current US$),NY.GDP.MKTP.CD,88467555244,89655253976,95494424979,1.05702E+11,1.0508E+11
Slovenia,SVN,GDP (current US$),NY.GDP.MKTP.CD,43090173395,44736333522,48586603448,54161636035,54174227309
Solomon Islands,SLB,GDP (current US$),NY.GDP.MKTP.CD,1307061544,1378551118,1483758907,1593964162,1589913622
Somalia,SOM,GDP (current US$),NY.GDP.MKTP.CD,..,..,..,..,..
South Africa,ZAF,GDP (current US$),NY.GDP.MKTP.CD,3.17621E+11,2.96357E+11,3.49554E+11,3.68289E+11,3.51432E+11
South Sudan,SSD,GDP (current US$),NY.GDP.MKTP.CD,11997800760,..,..,..,..
Spain,ESP,GDP (current US$),NY.GDP.MKTP.CD,1.19512E+12,1.23208E+12,1.31254E+12,1.42215E+12,1.39349E+12
Sri Lanka,LKA,GDP (current US$),NY.GDP.MKTP.CD,80604080689,82401038710,87428125558,88425889592,84008783756
St. Kitts and Nevis,KNA,GDP (current US$),NY.GDP.MKTP.CD,923155555.6,971166666.7,996944444.4,1010822222,1053244444
St. Lucia,LCA,GDP (current US$),NY.GDP.MKTP.CD,1808079889,1865375222,1999090407,2065875074,2122450630
St. Martin (French part),MAF,GDP (current US$),NY.GDP.MKTP.CD,..,..,..,..,..
St. Vincent and the Grenadines,VCT,GDP (current US$),NY.GDP.MKTP.CD,755400000,774429629.6,792177777.8,811300000,824718518.5
Sudan,SDN,GDP (current US$),NY.GDP.MKTP.CD,74294508240,51772232495,45021077955,33128480499,30513456085
Suriname,SUR,GDP (current US$),NY.GDP.MKTP.CD,4787367928,3128953537,3216207914,3464656616,3697371950
Sweden,SWE,GDP (current US$),NY.GDP.MKTP.CD,5.05104E+11,5.15655E+11,5.41019E+11,5.55455E+11,5.30884E+11
Switzerland,CHE,GDP (current US$),NY.GDP.MKTP.CD,6.79832E+11,6.71309E+11,6.7995E+11,7.05141E+11,7.03082E+11
Syrian Arab Republic,SYR,GDP (current US$),NY.GDP.MKTP.CD,..,..,..,..,..
Tajikistan,TJK,GDP (current US$),NY.GDP.MKTP.CD,7854602392,6952678127,7157865188,7522947810,8116626794
Tanzania,TZA,GDP (current US$),NY.GDP.MKTP.CD,47378599025,49774021003,53320625959,58001200572,63177068175
Thailand,THA,GDP (current US$),NY.GDP.MKTP.CD,4.01296E+11,4.1343E+11,4.56295E+11,5.06514E+11,5.43549E+11
Timor-Leste,TLS,GDP (current US$),NY.GDP.MKTP.CD,1594410800,1650608600,1599338100,1559894900,2017924900
Togo,TGO,GDP (current US$),NY.GDP.MKTP.CD,4180866177,4486979198,4819949975,5364369026,5490272413
Tonga,TON,GDP (current US$),NY.GDP.MKTP.CD,437006227.2,420540178.6,460379145,489235527.4,512350059.4
Trinidad and Tobago,TTO,GDP (current US$),NY.GDP.MKTP.CD,25062893969,22284780327,22474828527,23808146748,24269714810
Tunisia,TUN,GDP (current US$),NY.GDP.MKTP.CD,43173480832,41801210428,39802430355,39770297329,38796687568
Turkey,TUR,GDP (current US$),NY.GDP.MKTP.CD,8.64314E+11,8.69683E+11,8.58989E+11,7.78382E+11,7.61425E+11
Turkmenistan,TKM,GDP (current US$),NY.GDP.MKTP.CD,35799714286,36180000000,37926285714,40761142857,..
Turks and Caicos Islands,TCA,GDP (current US$),NY.GDP.MKTP.CD,942070000,1032452000,1022365000,1113178000,1197415000
Tuvalu,TUV,GDP (current US$),NY.GDP.MKTP.CD,35492074.22,36547799.58,40619251.99,42588164.97,47271463.33
Uganda,UGA,GDP (current US$),NY.GDP.MKTP.CD,32248116584,29078719934,30756466548,32916147253,35165157017
Ukraine,UKR,GDP (current US$),NY.GDP.MKTP.CD,91030959455,93355993629,1.1219E+11,1.30902E+11,1.53781E+11
United Arab Emirates,ARE,GDP (current US$),NY.GDP.MKTP.CD,3.58135E+11,3.57045E+11,3.85606E+11,4.22215E+11,4.21142E+11
United Kingdom,GBR,GDP (current US$),NY.GDP.MKTP.CD,2.92859E+12,2.69428E+12,2.66623E+12,2.86067E+12,2.82911E+12
United States,USA,GDP (current US$),NY.GDP.MKTP.CD,1.82247E+13,1.8715E+13,1.95194E+13,2.05802E+13,2.14332E+13
Uruguay,URY,GDP (current US$),NY.GDP.MKTP.CD,53274304222,52687612262,59530088537,59596885024,56045912953
Uzbekistan,UZB,GDP (current US$),NY.GDP.MKTP.CD,81847410182,81779012351,59159945321,50392607758,57921286440
Vanuatu,VUT,GDP (current US$),NY.GDP.MKTP.CD,759689950.9,804332795.6,880043553.7,914700508.2,934239973.8
"Venezuela, RB",VEN,GDP (current US$),NY.GDP.MKTP.CD,..,..,..,..,..
Vietnam,VNM,GDP (current US$),NY.GDP.MKTP.CD,1.93241E+11,2.05276E+11,2.2378E+11,2.45214E+11,2.61921E+11
Virgin Islands (U.S.),VIR,GDP (current US$),NY.GDP.MKTP.CD,3748000000,3863000000,3855000000,..,..
West Bank and Gaza,PSE,GDP (current US$),NY.GDP.MKTP.CD,13972400000,15405400000,16128000000,16276600000,..
"Yemen, Rep.",YEM,GDP (current US$),NY.GDP.MKTP.CD,42450620876,30935978724,26736139802,23486270352,22581081994
Zambia,ZMB,GDP (current US$),NY.GDP.MKTP.CD,21243339048,20954754378,25868165345,26312140829,23309773923
Zimbabwe,ZWE,GDP (current US$),NY.GDP.MKTP.CD,19963120600,20548678100,22040902300,24311560500,21440758800
Arab World,ARB,GDP (current US$),NY.GDP.MKTP.CD,2.53472E+12,2.46944E+12,2.51612E+12,2.77138E+12,2.81741E+12
Caribbean small states,CSS,GDP (current US$),NY.GDP.MKTP.CD,72828471571,69191343076,71452564226,74967267520,77721714918
Central Europe and the Baltics,CEB,GDP (current US$),NY.GDP.MKTP.CD,1.29209E+12,1.32063E+12,1.4635E+12,1.64444E+12,1.66885E+12
Early-demographic dividend,EAR,GDP (current US$),NY.GDP.MKTP.CD,1.03116E+13,1.05504E+13,1.13997E+13,1.1646E+13,1.19899E+13
East Asia & Pacific,EAS,GDP (current US$),NY.GDP.MKTP.CD,2.19116E+13,2.26586E+13,2.42227E+13,2.63513E+13,2.69878E+13
East Asia & Pacific (excluding high income),EAP,GDP (current US$),NY.GDP.MKTP.CD,1.32946E+13,1.35758E+13,1.4836E+13,1.65941E+13,1.72148E+13
East Asia & Pacific (IDA & IBRD countries),TEA,GDP (current US$),NY.GDP.MKTP.CD,1.32691E+13,1.35498E+13,1.48077E+13,1.65625E+13,1.71819E+13
Euro area,EMU,GDP (current US$),NY.GDP.MKTP.CD,1.16685E+13,1.19672E+13,1.2671E+13,1.36869E+13,1.33561E+13
Europe & Central Asia,ECS,GDP (current US$),NY.GDP.MKTP.CD,2.04503E+13,2.03888E+13,2.16108E+13,2.31457E+13,2.27928E+13
Europe & Central Asia (excluding high income),ECA,GDP (current US$),NY.GDP.MKTP.CD,2.91664E+12,2.77322E+12,3.11481E+12,3.19214E+12,3.24846E+12
Europe & Central Asia (IDA & IBRD countries),TEC,GDP (current US$),NY.GDP.MKTP.CD,3.62171E+12,3.48558E+12,3.9085E+12,4.08239E+12,4.15516E+12
European Union,EUU,GDP (current US$),NY.GDP.MKTP.CD,1.35451E+13,1.38868E+13,1.47584E+13,1.5965E+13,1.56264E+13
Fragile and conflict affected situations,FCS,GDP (current US$),NY.GDP.MKTP.CD,1.72691E+12,1.55071E+12,1.56959E+12,1.69825E+12,1.77846E+12
Heavily indebted poor countries (HIPC),HPC,GDP (current US$),NY.GDP.MKTP.CD,6.76806E+11,6.69729E+11,7.13187E+11,7.59124E+11,7.83062E+11
High income,HIC,GDP (current US$),NY.GDP.MKTP.CD,4.81693E+13,4.91812E+13,5.14683E+13,5.46569E+13,5.51406E+13
IBRD only,IBD,GDP (current US$),NY.GDP.MKTP.CD,2.59501E+13,2.61534E+13,2.88642E+13,3.08077E+13,3.16041E+13
IDA & IBRD total,IBT,GDP (current US$),NY.GDP.MKTP.CD,2.80398E+13,2.8183E+13,3.09649E+13,3.30323E+13,3.39172E+13
IDA blend,IDB,GDP (current US$),NY.GDP.MKTP.CD,9.99758E+11,9.31081E+11,9.22589E+11,9.64268E+11,9.91548E+11
IDA only,IDX,GDP (current US$),NY.GDP.MKTP.CD,1.09534E+12,1.10554E+12,1.1855E+12,1.26882E+12,1.33197E+12
IDA total,IDA,GDP (current US$),NY.GDP.MKTP.CD,2.10231E+12,2.03974E+12,2.10739E+12,2.2311E+12,2.32031E+12
Late-demographic dividend,LTE,GDP (current US$),NY.GDP.MKTP.CD,1.84714E+13,1.85166E+13,2.05474E+13,2.25088E+13,2.29835E+13
Latin America & Caribbean,LCN,GDP (current US$),NY.GDP.MKTP.CD,5.52911E+12,5.39848E+12,5.99543E+12,5.82356E+12,5.73377E+12
Latin America & Caribbean (excluding high income),LAC,GDP (current US$),NY.GDP.MKTP.CD,5.00691E+12,4.86573E+12,5.42541E+12,5.22607E+12,5.1496E+12
Latin America & the Caribbean (IDA & IBRD countries),TLA,GDP (current US$),NY.GDP.MKTP.CD,5.30026E+12,5.16284E+12,5.75525E+12,5.58121E+12,5.48796E+12
Least developed countries: UN classification,LDC,GDP (current US$),NY.GDP.MKTP.CD,9.66459E+11,9.50658E+11,1.03342E+12,1.07344E+12,1.11524E+12
Low & middle income,LMY,GDP (current US$),NY.GDP.MKTP.CD,2.70665E+13,2.72004E+13,2.98698E+13,3.1818E+13,3.27091E+13
Low income,LIC,GDP (current US$),NY.GDP.MKTP.CD,5.33735E+11,4.88937E+11,5.03284E+11,5.18429E+11,5.41512E+11
Lower middle income,LMC,GDP (current US$),NY.GDP.MKTP.CD,5.18227E+12,5.36098E+12,5.76876E+12,6.00731E+12,6.33493E+12
Middle East & North Africa,MEA,GDP (current US$),NY.GDP.MKTP.CD,3.14396E+12,3.15552E+12,3.27261E+12,3.56614E+12,3.64961E+12
Middle East & North Africa (excluding high income),MNA,GDP (current US$),NY.GDP.MKTP.CD,1.44021E+12,1.45999E+12,1.43655E+12,1.52042E+12,..
Middle East & North Africa (IDA & IBRD countries),TMN,GDP (current US$),NY.GDP.MKTP.CD,1.42604E+12,1.44432E+12,1.42012E+12,1.50387E+12,..
Middle income,MIC,GDP (current US$),NY.GDP.MKTP.CD,2.65392E+13,2.67079E+13,2.93555E+13,3.1284E+13,3.21533E+13
North America,NAC,GDP (current US$),NY.GDP.MKTP.CD,1.97875E+13,2.02501E+13,2.11764E+13,2.23036E+13,2.31771E+13
OECD members,OED,GDP (current US$),NY.GDP.MKTP.CD,4.72865E+13,4.8179E+13,5.03202E+13,5.32016E+13,5.36994E+13
Other small states,OSS,GDP (current US$),NY.GDP.MKTP.CD,3.70774E+11,3.66401E+11,3.98893E+11,4.42418E+11,4.32093E+11
Pacific island small states,PSS,GDP (current US$),NY.GDP.MKTP.CD,9049548346,9475857773,10212875641,10667782838,10634784073
Post-demographic dividend,PST,GDP (current US$),NY.GDP.MKTP.CD,4.45185E+13,4.55005E+13,4.74703E+13,5.02821E+13,5.07699E+13
Pre-demographic dividend,PRE,GDP (current US$),NY.GDP.MKTP.CD,1.34047E+12,1.21812E+12,1.2671E+12,1.33875E+12,1.40379E+12
Small states,SST,GDP (current US$),NY.GDP.MKTP.CD,4.52652E+11,4.45069E+11,4.80559E+11,5.28053E+11,5.20457E+11
South Asia,SAS,GDP (current US$),NY.GDP.MKTP.CD,2.69726E+12,2.92301E+12,3.34572E+12,3.44547E+12,3.59184E+12
South Asia (IDA & IBRD),TSA,GDP (current US$),NY.GDP.MKTP.CD,2.69726E+12,2.92301E+12,3.34572E+12,3.44547E+12,3.59184E+12
Sub-Saharan Africa,SSF,GDP (current US$),NY.GDP.MKTP.CD,1.66191E+12,1.54037E+12,1.64178E+12,1.72116E+12,1.76694E+12
Sub-Saharan Africa (excluding high income),SSA,GDP (current US$),NY.GDP.MKTP.CD,1.64885E+12,1.5267E+12,1.62699E+12,1.70538E+12,1.75118E+12
Sub-Saharan Africa (IDA & IBRD countries),TSS,GDP (current US$),NY.GDP.MKTP.CD,1.66191E+12,1.54037E+12,1.64178E+12,1.72116E+12,1.76694E+12
Upper middle income,UMC,GDP (current US$),NY.GDP.MKTP.CD,2.13522E+13,2.13389E+13,2.35807E+13,2.52733E+13,2.58078E+13
World,WLD,GDP (current US$),NY.GDP.MKTP.CD,7.52177E+13,7.6369E+13,8.1306E+13,8.64394E+13,8.77985E+13
